Country,Region,Year,Age_Group,Gender,Death_Rate_per_100k,Injury_Rate_per_100k,Vehicle_Type
Nigeria,AFR,2015,0-14,Male,16.23,55.21,Pedestrian
Nigeria,AFR,2015,0-14,Female,29.82,80.43,Car
Nigeria,AFR,2015,15-29,Male,7.93,14.37,Truck
Nigeria,AFR,2015,15-29,Female,4.21,13.61,Motorcycle
Nigeria,AFR,2015,30-44,Male,24.84,72.44,Motorcycle
Nigeria,AFR,2015,30-44,Female,2.78,9.56,Bus
Nigeria,AFR,2015,45-59,Male,33.63,64.73,Motorcycle
Nigeria,AFR,2015,45-59,Female,8.91,16.63,Truck
Nigeria,AFR,2015,60+,Male,13.56,34.57,Truck
Nigeria,AFR,2015,60+,Female,18.41,38.34,Truck
Nigeria,AFR,2016,0-14,Male,25.25,44.92,Bus
Nigeria,AFR,2016,0-14,Female,13.1,29.25,Pedestrian
Nigeria,AFR,2016,15-29,Male,19.33,59.35,Truck
Nigeria,AFR,2016,15-29,Female,9.59,24.25,Motorcycle
Nigeria,AFR,2016,30-44,Male,24.51,39.04,Truck
Nigeria,AFR,2016,30-44,Female,25.09,46.19,Truck
Nigeria,AFR,2016,45-59,Male,4.47,15.19,Car
Nigeria,AFR,2016,45-59,Female,38.69,120.59,Car
Nigeria,AFR,2016,60+,Male,13.58,23.02,Pedestrian
Nigeria,AFR,2016,60+,Female,28.0,66.65,Pedestrian
Nigeria,AFR,2017,0-14,Male,6.64,16.54,Truck
Nigeria,AFR,2017,0-14,Female,3.31,10.98,Bus
Nigeria,AFR,2017,15-29,Male,11.83,33.42,Bus
Nigeria,AFR,2017,15-29,Female,13.85,35.18,Bus
Nigeria,AFR,2017,30-44,Male,22.77,42.57,Truck
Nigeria,AFR,2017,30-44,Female,38.84,118.47,Motorcycle
Nigeria,AFR,2017,45-59,Male,37.7,124.02,Pedestrian
Nigeria,AFR,2017,45-59,Female,24.72,82.66,Truck
Nigeria,AFR,2017,60+,Male,5.36,10.14,Car
Nigeria,AFR,2017,60+,Female,3.72,8.0,Motorcycle
Nigeria,AFR,2018,0-14,Male,16.77,34.26,Motorcycle
Nigeria,AFR,2018,0-14,Female,33.49,74.13,Car
Nigeria,AFR,2018,15-29,Male,12.68,32.78,Truck
Nigeria,AFR,2018,15-29,Female,7.36,22.85,Truck
Nigeria,AFR,2018,30-44,Male,4.83,16.78,Truck
Nigeria,AFR,2018,30-44,Female,31.35,59.48,Truck
Nigeria,AFR,2018,45-59,Male,2.21,6.92,Bus
Nigeria,AFR,2018,45-59,Female,28.86,85.37,Pedestrian
Nigeria,AFR,2018,60+,Male,31.31,51.6,Pedestrian
Nigeria,AFR,2018,60+,Female,15.62,27.05,Pedestrian
Nigeria,AFR,2019,0-14,Male,34.8,95.58,Bus
Nigeria,AFR,2019,0-14,Female,14.57,23.71,Motorcycle
Nigeria,AFR,2019,15-29,Male,13.82,29.72,Bus
Nigeria,AFR,2019,15-29,Female,29.73,82.5,Pedestrian
Nigeria,AFR,2019,30-44,Male,35.71,87.29,Truck
Nigeria,AFR,2019,30-44,Female,6.54,19.14,Motorcycle
Nigeria,AFR,2019,45-59,Male,30.91,81.06,Pedestrian
Nigeria,AFR,2019,45-59,Female,31.3,77.86,Motorcycle
Nigeria,AFR,2019,60+,Male,21.86,51.48,Bus
Nigeria,AFR,2019,60+,Female,2.97,5.1,Pedestrian
Nigeria,AFR,2020,0-14,Male,3.19,8.85,Bus
Nigeria,AFR,2020,0-14,Female,13.95,35.11,Bus
Nigeria,AFR,2020,15-29,Male,36.49,72.93,Bus
Nigeria,AFR,2020,15-29,Female,17.59,52.97,Motorcycle
Nigeria,AFR,2020,30-44,Male,10.69,17.68,Motorcycle
Nigeria,AFR,2020,30-44,Female,13.01,23.71,Motorcycle
Nigeria,AFR,2020,45-59,Male,37.33,116.33,Motorcycle
Nigeria,AFR,2020,45-59,Female,26.07,84.54,Truck
Nigeria,AFR,2020,60+,Male,32.54,60.95,Truck
Nigeria,AFR,2020,60+,Female,35.92,92.63,Motorcycle
Nigeria,AFR,2021,0-14,Male,32.68,107.59,Bus
Nigeria,AFR,2021,0-14,Female,14.08,24.22,Truck
Nigeria,AFR,2021,15-29,Male,10.66,25.1,Car
Nigeria,AFR,2021,15-29,Female,33.08,106.57,Truck
Nigeria,AFR,2021,30-44,Male,2.26,5.7,Truck
Nigeria,AFR,2021,30-44,Female,17.86,34.72,Motorcycle
Nigeria,AFR,2021,45-59,Male,6.55,14.25,Bus
Nigeria,AFR,2021,45-59,Female,37.83,81.2,Truck
Nigeria,AFR,2021,60+,Male,21.71,63.09,Car
Nigeria,AFR,2021,60+,Female,15.82,54.48,Truck
Nigeria,AFR,2022,0-14,Male,38.57,77.28,Car
Nigeria,AFR,2022,0-14,Female,20.9,43.93,Pedestrian
Nigeria,AFR,2022,15-29,Male,12.82,20.18,Pedestrian
Nigeria,AFR,2022,15-29,Female,25.16,63.03,Bus
Nigeria,AFR,2022,30-44,Male,3.96,8.15,Truck
Nigeria,AFR,2022,30-44,Female,36.51,72.26,Pedestrian
Nigeria,AFR,2022,45-59,Male,7.51,18.62,Pedestrian
Nigeria,AFR,2022,45-59,Female,39.45,78.27,Car
Nigeria,AFR,2022,60+,Male,27.54,83.26,Truck
Nigeria,AFR,2022,60+,Female,11.03,32.61,Pedestrian
Nigeria,AFR,2023,0-14,Male,15.98,44.18,Car
Nigeria,AFR,2023,0-14,Female,26.07,67.04,Motorcycle
Nigeria,AFR,2023,15-29,Male,5.43,17.22,Pedestrian
Nigeria,AFR,2023,15-29,Female,14.19,26.58,Truck
Nigeria,AFR,2023,30-44,Male,3.55,9.52,Truck
Nigeria,AFR,2023,30-44,Female,27.75,42.55,Truck
Nigeria,AFR,2023,45-59,Male,21.46,41.91,Truck
Nigeria,AFR,2023,45-59,Female,26.52,49.03,Pedestrian
Nigeria,AFR,2023,60+,Male,28.26,64.25,Pedestrian
Nigeria,AFR,2023,60+,Female,37.6,66.74,Truck
Kenya,AFR,2015,0-14,Male,14.96,25.84,Bus
Kenya,AFR,2015,0-14,Female,37.14,120.88,Pedestrian
Kenya,AFR,2015,15-29,Male,11.8,33.28,Bus
Kenya,AFR,2015,15-29,Female,33.05,86.27,Motorcycle
Kenya,AFR,2015,30-44,Male,22.13,43.9,Motorcycle
Kenya,AFR,2015,30-44,Female,5.54,18.25,Bus
Kenya,AFR,2015,45-59,Male,36.22,100.19,Car
Kenya,AFR,2015,45-59,Female,14.88,32.71,Bus
Kenya,AFR,2015,60+,Male,29.59,97.48,Car
Kenya,AFR,2015,60+,Female,35.71,109.26,Car
Kenya,AFR,2016,0-14,Male,26.4,44.04,Pedestrian
Kenya,AFR,2016,0-14,Female,8.14,26.84,Car
Kenya,AFR,2016,15-29,Male,25.04,38.02,Motorcycle
Kenya,AFR,2016,15-29,Female,5.86,16.57,Car
Kenya,AFR,2016,30-44,Male,2.19,3.99,Bus
Kenya,AFR,2016,30-44,Female,22.85,65.89,Motorcycle
Kenya,AFR,2016,45-59,Male,26.77,52.16,Bus
Kenya,AFR,2016,45-59,Female,29.06,57.38,Truck
Kenya,AFR,2016,60+,Male,14.37,43.01,Truck
Kenya,AFR,2016,60+,Female,26.69,85.37,Motorcycle
Kenya,AFR,2017,0-14,Male,26.99,71.16,Truck
Kenya,AFR,2017,0-14,Female,5.56,12.43,Pedestrian
Kenya,AFR,2017,15-29,Male,12.08,24.01,Truck
Kenya,AFR,2017,15-29,Female,38.97,89.09,Bus
Kenya,AFR,2017,30-44,Male,35.9,99.17,Pedestrian
Kenya,AFR,2017,30-44,Female,32.2,80.67,Bus
Kenya,AFR,2017,45-59,Male,23.92,59.44,Truck
Kenya,AFR,2017,45-59,Female,9.42,27.74,Motorcycle
Kenya,AFR,2017,60+,Male,12.67,19.62,Motorcycle
Kenya,AFR,2017,60+,Female,26.53,49.19,Pedestrian
Kenya,AFR,2018,0-14,Male,37.74,128.61,Car
Kenya,AFR,2018,0-14,Female,36.76,82.35,Bus
Kenya,AFR,2018,15-29,Male,2.59,8.69,Motorcycle
Kenya,AFR,2018,15-29,Female,18.27,62.73,Bus
Kenya,AFR,2018,30-44,Male,38.62,123.82,Bus
Kenya,AFR,2018,30-44,Female,13.19,29.94,Bus
Kenya,AFR,2018,45-59,Male,34.34,73.28,Car
Kenya,AFR,2018,45-59,Female,8.44,22.06,Bus
Kenya,AFR,2018,60+,Male,37.57,108.65,Pedestrian
Kenya,AFR,2018,60+,Female,23.66,40.09,Car
Kenya,AFR,2019,0-14,Male,25.37,88.29,Motorcycle
Kenya,AFR,2019,0-14,Female,7.32,18.57,Bus
Kenya,AFR,2019,15-29,Male,35.34,105.37,Truck
Kenya,AFR,2019,15-29,Female,28.49,82.76,Pedestrian
Kenya,AFR,2019,30-44,Male,15.66,32.69,Car
Kenya,AFR,2019,30-44,Female,32.76,102.22,Pedestrian
Kenya,AFR,2019,45-59,Male,34.95,116.26,Car
Kenya,AFR,2019,45-59,Female,21.43,53.64,Truck
Kenya,AFR,2019,60+,Male,32.34,90.55,Car
Kenya,AFR,2019,60+,Female,28.67,88.64,Pedestrian
Kenya,AFR,2020,0-14,Male,35.82,77.94,Truck
Kenya,AFR,2020,0-14,Female,16.27,27.46,Pedestrian
Kenya,AFR,2020,15-29,Male,23.97,37.68,Car
Kenya,AFR,2020,15-29,Female,19.69,50.9,Truck
Kenya,AFR,2020,30-44,Male,12.89,34.57,Motorcycle
Kenya,AFR,2020,30-44,Female,3.16,4.98,Bus
Kenya,AFR,2020,45-59,Male,33.26,73.85,Truck
Kenya,AFR,2020,45-59,Female,6.83,17.38,Pedestrian
Kenya,AFR,2020,60+,Male,31.26,60.38,Car
Kenya,AFR,2020,60+,Female,25.67,42.89,Truck
Kenya,AFR,2021,0-14,Male,3.96,10.15,Car
Kenya,AFR,2021,0-14,Female,22.54,62.55,Car
Kenya,AFR,2021,15-29,Male,29.59,102.14,Truck
Kenya,AFR,2021,15-29,Female,21.62,46.39,Pedestrian
Kenya,AFR,2021,30-44,Male,32.22,65.78,Pedestrian
Kenya,AFR,2021,30-44,Female,18.68,30.95,Pedestrian
Kenya,AFR,2021,45-59,Male,2.96,10.14,Car
Kenya,AFR,2021,45-59,Female,33.77,97.66,Pedestrian
Kenya,AFR,2021,60+,Male,17.54,32.39,Truck
Kenya,AFR,2021,60+,Female,7.94,15.88,Car
Kenya,AFR,2022,0-14,Male,22.87,66.99,Bus
Kenya,AFR,2022,0-14,Female,27.09,55.8,Car
Kenya,AFR,2022,15-29,Male,38.28,113.91,Pedestrian
Kenya,AFR,2022,15-29,Female,23.07,62.83,Truck
Kenya,AFR,2022,30-44,Male,17.94,35.8,Truck
Kenya,AFR,2022,30-44,Female,15.53,46.83,Bus
Kenya,AFR,2022,45-59,Male,2.55,4.42,Car
Kenya,AFR,2022,45-59,Female,3.75,5.93,Bus
Kenya,AFR,2022,60+,Male,34.51,100.33,Bus
Kenya,AFR,2022,60+,Female,20.02,33.95,Truck
Kenya,AFR,2023,0-14,Male,20.68,50.6,Truck
Kenya,AFR,2023,0-14,Female,8.58,20.31,Motorcycle
Kenya,AFR,2023,15-29,Male,17.14,46.82,Bus
Kenya,AFR,2023,15-29,Female,26.13,41.56,Car
Kenya,AFR,2023,30-44,Male,16.24,44.69,Bus
Kenya,AFR,2023,30-44,Female,21.12,67.86,Pedestrian
Kenya,AFR,2023,45-59,Male,27.03,49.35,Motorcycle
Kenya,AFR,2023,45-59,Female,4.68,13.03,Motorcycle
Kenya,AFR,2023,60+,Male,3.01,8.04,Pedestrian
Kenya,AFR,2023,60+,Female,37.73,100.02,Truck
Ethiopia,AFR,2015,0-14,Male,16.75,46.68,Bus
Ethiopia,AFR,2015,0-14,Female,19.41,50.3,Truck
Ethiopia,AFR,2015,15-29,Male,37.78,85.84,Motorcycle
Ethiopia,AFR,2015,15-29,Female,38.53,127.56,Car
Ethiopia,AFR,2015,30-44,Male,9.44,15.47,Motorcycle
Ethiopia,AFR,2015,30-44,Female,5.83,8.96,Pedestrian
Ethiopia,AFR,2015,45-59,Male,5.59,16.02,Car
Ethiopia,AFR,2015,45-59,Female,4.71,10.07,Pedestrian
Ethiopia,AFR,2015,60+,Male,34.11,52.75,Truck
Ethiopia,AFR,2015,60+,Female,32.95,68.0,Truck
Ethiopia,AFR,2016,0-14,Male,6.49,18.78,Car
Ethiopia,AFR,2016,0-14,Female,25.9,84.3,Motorcycle
Ethiopia,AFR,2016,15-29,Male,29.93,92.99,Car
Ethiopia,AFR,2016,15-29,Female,12.72,23.59,Car
Ethiopia,AFR,2016,30-44,Male,30.52,95.03,Bus
Ethiopia,AFR,2016,30-44,Female,39.64,92.17,Motorcycle
Ethiopia,AFR,2016,45-59,Male,16.14,49.27,Truck
Ethiopia,AFR,2016,45-59,Female,14.95,50.25,Bus
Ethiopia,AFR,2016,60+,Male,34.62,81.63,Car
Ethiopia,AFR,2016,60+,Female,30.53,91.87,Motorcycle
Ethiopia,AFR,2017,0-14,Male,5.92,19.57,Car
Ethiopia,AFR,2017,0-14,Female,21.2,66.84,Bus
Ethiopia,AFR,2017,15-29,Male,14.16,46.6,Motorcycle
Ethiopia,AFR,2017,15-29,Female,16.79,25.55,Bus
Ethiopia,AFR,2017,30-44,Male,36.4,61.25,Pedestrian
Ethiopia,AFR,2017,30-44,Female,14.13,48.04,Pedestrian
Ethiopia,AFR,2017,45-59,Male,38.12,100.9,Car
Ethiopia,AFR,2017,45-59,Female,26.01,62.34,Pedestrian
Ethiopia,AFR,2017,60+,Male,13.14,28.35,Motorcycle
Ethiopia,AFR,2017,60+,Female,27.56,82.81,Truck
Ethiopia,AFR,2018,0-14,Male,32.08,98.78,Bus
Ethiopia,AFR,2018,0-14,Female,5.47,13.61,Bus
Ethiopia,AFR,2018,15-29,Male,4.19,10.89,Truck
Ethiopia,AFR,2018,15-29,Female,18.78,61.51,Bus
Ethiopia,AFR,2018,30-44,Male,15.33,26.58,Pedestrian
Ethiopia,AFR,2018,30-44,Female,7.43,22.46,Motorcycle
Ethiopia,AFR,2018,45-59,Male,25.49,43.39,Truck
Ethiopia,AFR,2018,45-59,Female,5.2,15.09,Motorcycle
Ethiopia,AFR,2018,60+,Male,4.76,14.96,Bus
Ethiopia,AFR,2018,60+,Female,28.84,47.95,Motorcycle
Ethiopia,AFR,2019,0-14,Male,5.22,18.13,Motorcycle
Ethiopia,AFR,2019,0-14,Female,16.22,36.35,Motorcycle
Ethiopia,AFR,2019,15-29,Male,32.89,111.65,Pedestrian
Ethiopia,AFR,2019,15-29,Female,39.47,118.68,Truck
Ethiopia,AFR,2019,30-44,Male,16.3,27.17,Motorcycle
Ethiopia,AFR,2019,30-44,Female,31.53,82.51,Pedestrian
Ethiopia,AFR,2019,45-59,Male,18.12,60.03,Bus
Ethiopia,AFR,2019,45-59,Female,6.23,15.48,Pedestrian
Ethiopia,AFR,2019,60+,Male,2.43,5.92,Motorcycle
Ethiopia,AFR,2019,60+,Female,4.14,7.19,Truck
Ethiopia,AFR,2020,0-14,Male,6.47,18.11,Bus
Ethiopia,AFR,2020,0-14,Female,30.35,80.94,Motorcycle
Ethiopia,AFR,2020,15-29,Male,38.56,86.75,Pedestrian
Ethiopia,AFR,2020,15-29,Female,12.86,41.63,Motorcycle
Ethiopia,AFR,2020,30-44,Male,10.5,35.98,Truck
Ethiopia,AFR,2020,30-44,Female,2.46,8.46,Pedestrian
Ethiopia,AFR,2020,45-59,Male,3.64,11.95,Motorcycle
Ethiopia,AFR,2020,45-59,Female,22.05,76.86,Bus
Ethiopia,AFR,2020,60+,Male,4.8,12.52,Truck
Ethiopia,AFR,2020,60+,Female,38.83,98.87,Truck
Ethiopia,AFR,2021,0-14,Male,25.92,74.95,Motorcycle
Ethiopia,AFR,2021,0-14,Female,19.27,53.09,Truck
Ethiopia,AFR,2021,15-29,Male,24.2,79.92,Pedestrian
Ethiopia,AFR,2021,15-29,Female,3.73,7.69,Car
Ethiopia,AFR,2021,30-44,Male,38.12,125.05,Car
Ethiopia,AFR,2021,30-44,Female,19.31,52.91,Pedestrian
Ethiopia,AFR,2021,45-59,Male,12.54,23.53,Pedestrian
Ethiopia,AFR,2021,45-59,Female,19.62,43.3,Truck
Ethiopia,AFR,2021,60+,Male,24.18,40.03,Truck
Ethiopia,AFR,2021,60+,Female,39.03,135.53,Motorcycle
Ethiopia,AFR,2022,0-14,Male,28.53,73.38,Bus
Ethiopia,AFR,2022,0-14,Female,13.76,43.04,Pedestrian
Ethiopia,AFR,2022,15-29,Male,28.02,51.14,Motorcycle
Ethiopia,AFR,2022,15-29,Female,36.62,115.17,Bus
Ethiopia,AFR,2022,30-44,Male,38.09,112.42,Car
Ethiopia,AFR,2022,30-44,Female,25.31,59.14,Car
Ethiopia,AFR,2022,45-59,Male,37.44,121.01,Motorcycle
Ethiopia,AFR,2022,45-59,Female,3.72,5.78,Car
Ethiopia,AFR,2022,60+,Male,16.31,50.91,Bus
Ethiopia,AFR,2022,60+,Female,39.52,71.17,Truck
Ethiopia,AFR,2023,0-14,Male,24.58,55.59,Truck
Ethiopia,AFR,2023,0-14,Female,38.86,123.74,Bus
Ethiopia,AFR,2023,15-29,Male,33.86,82.53,Truck
Ethiopia,AFR,2023,15-29,Female,17.76,36.35,Truck
Ethiopia,AFR,2023,30-44,Male,4.14,13.37,Car
Ethiopia,AFR,2023,30-44,Female,32.89,115.1,Truck
Ethiopia,AFR,2023,45-59,Male,39.87,104.1,Motorcycle
Ethiopia,AFR,2023,45-59,Female,31.22,105.82,Car
Ethiopia,AFR,2023,60+,Male,34.29,68.4,Bus
Ethiopia,AFR,2023,60+,Female,19.12,33.62,Truck
Egypt,EMR,2015,0-14,Male,38.25,103.75,Pedestrian
Egypt,EMR,2015,0-14,Female,10.69,30.4,Pedestrian
Egypt,EMR,2015,15-29,Male,25.49,56.49,Pedestrian
Egypt,EMR,2015,15-29,Female,6.32,17.97,Motorcycle
Egypt,EMR,2015,30-44,Male,21.77,66.28,Truck
Egypt,EMR,2015,30-44,Female,21.77,69.76,Bus
Egypt,EMR,2015,45-59,Male,22.97,60.22,Car
Egypt,EMR,2015,45-59,Female,35.31,81.46,Truck
Egypt,EMR,2015,60+,Male,7.09,11.04,Motorcycle
Egypt,EMR,2015,60+,Female,30.7,84.14,Motorcycle
Egypt,EMR,2016,0-14,Male,28.76,55.39,Car
Egypt,EMR,2016,0-14,Female,7.18,10.98,Motorcycle
Egypt,EMR,2016,15-29,Male,15.32,41.06,Bus
Egypt,EMR,2016,15-29,Female,16.91,40.16,Car
Egypt,EMR,2016,30-44,Male,36.36,79.87,Motorcycle
Egypt,EMR,2016,30-44,Female,21.53,66.04,Pedestrian
Egypt,EMR,2016,45-59,Male,17.07,46.84,Car
Egypt,EMR,2016,45-59,Female,34.77,118.18,Pedestrian
Egypt,EMR,2016,60+,Male,7.59,25.45,Truck
Egypt,EMR,2016,60+,Female,20.7,41.74,Truck
Egypt,EMR,2017,0-14,Male,19.45,67.3,Truck
Egypt,EMR,2017,0-14,Female,20.72,44.7,Bus
Egypt,EMR,2017,15-29,Male,26.07,51.63,Car
Egypt,EMR,2017,15-29,Female,4.88,8.58,Bus
Egypt,EMR,2017,30-44,Male,6.87,12.39,Truck
Egypt,EMR,2017,30-44,Female,7.28,20.25,Pedestrian
Egypt,EMR,2017,45-59,Male,8.91,19.52,Truck
Egypt,EMR,2017,45-59,Female,36.08,88.32,Pedestrian
Egypt,EMR,2017,60+,Male,27.37,50.49,Pedestrian
Egypt,EMR,2017,60+,Female,9.31,14.73,Motorcycle
Egypt,EMR,2018,0-14,Male,8.42,17.32,Truck
Egypt,EMR,2018,0-14,Female,8.73,14.64,Car
Egypt,EMR,2018,15-29,Male,6.58,15.93,Car
Egypt,EMR,2018,15-29,Female,9.84,21.93,Pedestrian
Egypt,EMR,2018,30-44,Male,21.13,60.87,Bus
Egypt,EMR,2018,30-44,Female,3.49,10.81,Bus
Egypt,EMR,2018,45-59,Male,25.86,43.02,Pedestrian
Egypt,EMR,2018,45-59,Female,35.2,117.63,Bus
Egypt,EMR,2018,60+,Male,4.32,8.87,Pedestrian
Egypt,EMR,2018,60+,Female,32.64,97.81,Bus
Egypt,EMR,2019,0-14,Male,9.01,17.29,Bus
Egypt,EMR,2019,0-14,Female,16.08,39.7,Motorcycle
Egypt,EMR,2019,15-29,Male,25.49,57.04,Motorcycle
Egypt,EMR,2019,15-29,Female,19.58,58.64,Bus
Egypt,EMR,2019,30-44,Male,3.39,6.8,Pedestrian
Egypt,EMR,2019,30-44,Female,29.11,95.78,Truck
Egypt,EMR,2019,45-59,Male,21.44,54.98,Car
Egypt,EMR,2019,45-59,Female,6.07,14.54,Car
Egypt,EMR,2019,60+,Male,22.24,44.15,Motorcycle
Egypt,EMR,2019,60+,Female,12.23,27.57,Motorcycle
Egypt,EMR,2020,0-14,Male,2.76,5.92,Pedestrian
Egypt,EMR,2020,0-14,Female,10.04,21.64,Car
Egypt,EMR,2020,15-29,Male,6.55,21.49,Car
Egypt,EMR,2020,15-29,Female,24.56,70.2,Motorcycle
Egypt,EMR,2020,30-44,Male,31.99,79.88,Truck
Egypt,EMR,2020,30-44,Female,5.3,13.64,Pedestrian
Egypt,EMR,2020,45-59,Male,24.3,72.68,Truck
Egypt,EMR,2020,45-59,Female,18.4,32.29,Motorcycle
Egypt,EMR,2020,60+,Male,12.78,28.45,Bus
Egypt,EMR,2020,60+,Female,26.54,70.11,Motorcycle
Egypt,EMR,2021,0-14,Male,15.53,53.94,Motorcycle
Egypt,EMR,2021,0-14,Female,25.02,49.4,Pedestrian
Egypt,EMR,2021,15-29,Male,5.87,10.6,Truck
Egypt,EMR,2021,15-29,Female,11.35,20.67,Motorcycle
Egypt,EMR,2021,30-44,Male,9.09,18.82,Pedestrian
Egypt,EMR,2021,30-44,Female,8.59,28.29,Bus
Egypt,EMR,2021,45-59,Male,5.05,12.87,Car
Egypt,EMR,2021,45-59,Female,17.6,60.98,Motorcycle
Egypt,EMR,2021,60+,Male,6.26,14.37,Truck
Egypt,EMR,2021,60+,Female,38.84,125.49,Pedestrian
Egypt,EMR,2022,0-14,Male,33.05,66.62,Pedestrian
Egypt,EMR,2022,0-14,Female,8.49,24.09,Pedestrian
Egypt,EMR,2022,15-29,Male,37.32,97.54,Car
Egypt,EMR,2022,15-29,Female,23.72,48.86,Bus
Egypt,EMR,2022,30-44,Male,31.24,58.55,Truck
Egypt,EMR,2022,30-44,Female,14.3,33.62,Car
Egypt,EMR,2022,45-59,Male,21.29,42.26,Car
Egypt,EMR,2022,45-59,Female,6.36,17.31,Car
Egypt,EMR,2022,60+,Male,12.97,34.53,Bus
Egypt,EMR,2022,60+,Female,7.87,19.38,Truck
Egypt,EMR,2023,0-14,Male,22.24,35.67,Car
Egypt,EMR,2023,0-14,Female,14.79,26.16,Pedestrian
Egypt,EMR,2023,15-29,Male,4.41,15.35,Truck
Egypt,EMR,2023,15-29,Female,14.25,44.46,Motorcycle
Egypt,EMR,2023,30-44,Male,11.68,33.44,Bus
Egypt,EMR,2023,30-44,Female,30.89,83.13,Truck
Egypt,EMR,2023,45-59,Male,19.92,46.29,Car
Egypt,EMR,2023,45-59,Female,15.26,51.26,Pedestrian
Egypt,EMR,2023,60+,Male,33.56,115.11,Motorcycle
Egypt,EMR,2023,60+,Female,6.72,19.9,Pedestrian
Jordan,EMR,2015,0-14,Male,37.66,70.14,Car
Jordan,EMR,2015,0-14,Female,4.53,13.51,Car
Jordan,EMR,2015,15-29,Male,23.83,75.87,Bus
Jordan,EMR,2015,15-29,Female,7.31,22.59,Car
Jordan,EMR,2015,30-44,Male,9.66,17.65,Motorcycle
Jordan,EMR,2015,30-44,Female,8.24,25.78,Pedestrian
Jordan,EMR,2015,45-59,Male,27.28,69.46,Motorcycle
Jordan,EMR,2015,45-59,Female,15.64,50.9,Pedestrian
Jordan,EMR,2015,60+,Male,16.91,52.98,Motorcycle
Jordan,EMR,2015,60+,Female,18.69,42.13,Pedestrian
Jordan,EMR,2016,0-14,Male,19.58,41.17,Truck
Jordan,EMR,2016,0-14,Female,30.41,76.19,Pedestrian
Jordan,EMR,2016,15-29,Male,10.82,35.7,Truck
Jordan,EMR,2016,15-29,Female,16.59,42.92,Pedestrian
Jordan,EMR,2016,30-44,Male,36.45,100.18,Pedestrian
Jordan,EMR,2016,30-44,Female,6.44,21.77,Truck
Jordan,EMR,2016,45-59,Male,25.85,56.09,Bus
Jordan,EMR,2016,45-59,Female,7.29,22.51,Bus
Jordan,EMR,2016,60+,Male,25.56,65.61,Bus
Jordan,EMR,2016,60+,Female,35.97,110.69,Truck
Jordan,EMR,2017,0-14,Male,7.76,16.48,Motorcycle
Jordan,EMR,2017,0-14,Female,11.44,34.18,Motorcycle
Jordan,EMR,2017,15-29,Male,3.27,8.63,Bus
Jordan,EMR,2017,15-29,Female,30.97,100.76,Car
Jordan,EMR,2017,30-44,Male,15.0,47.14,Pedestrian
Jordan,EMR,2017,30-44,Female,6.2,19.8,Bus
Jordan,EMR,2017,45-59,Male,6.84,15.69,Car
Jordan,EMR,2017,45-59,Female,32.3,58.13,Car
Jordan,EMR,2017,60+,Male,10.71,31.54,Car
Jordan,EMR,2017,60+,Female,29.36,81.69,Bus
Jordan,EMR,2018,0-14,Male,28.37,73.35,Motorcycle
Jordan,EMR,2018,0-14,Female,11.57,25.35,Pedestrian
Jordan,EMR,2018,15-29,Male,8.9,29.52,Car
Jordan,EMR,2018,15-29,Female,24.17,55.63,Truck
Jordan,EMR,2018,30-44,Male,19.56,66.4,Motorcycle
Jordan,EMR,2018,30-44,Female,7.83,20.93,Bus
Jordan,EMR,2018,45-59,Male,21.22,57.78,Bus
Jordan,EMR,2018,45-59,Female,2.69,8.73,Car
Jordan,EMR,2018,60+,Male,37.42,98.42,Motorcycle
Jordan,EMR,2018,60+,Female,28.47,95.23,Bus
Jordan,EMR,2019,0-14,Male,28.88,52.13,Bus
Jordan,EMR,2019,0-14,Female,23.9,64.85,Truck
Jordan,EMR,2019,15-29,Male,18.12,53.87,Car
Jordan,EMR,2019,15-29,Female,37.51,125.7,Car
Jordan,EMR,2019,30-44,Male,19.13,33.03,Motorcycle
Jordan,EMR,2019,30-44,Female,39.42,125.27,Truck
Jordan,EMR,2019,45-59,Male,6.74,22.52,Car
Jordan,EMR,2019,45-59,Female,35.06,88.97,Bus
Jordan,EMR,2019,60+,Male,24.47,56.23,Truck
Jordan,EMR,2019,60+,Female,4.08,8.86,Pedestrian
Jordan,EMR,2020,0-14,Male,32.51,49.07,Pedestrian
Jordan,EMR,2020,0-14,Female,14.67,33.69,Truck
Jordan,EMR,2020,15-29,Male,22.42,74.88,Motorcycle
Jordan,EMR,2020,15-29,Female,15.16,33.26,Truck
Jordan,EMR,2020,30-44,Male,30.03,72.21,Car
Jordan,EMR,2020,30-44,Female,10.53,25.32,Bus
Jordan,EMR,2020,45-59,Male,7.35,13.62,Pedestrian
Jordan,EMR,2020,45-59,Female,20.94,48.95,Pedestrian
Jordan,EMR,2020,60+,Male,36.76,81.78,Car
Jordan,EMR,2020,60+,Female,24.06,66.51,Pedestrian
Jordan,EMR,2021,0-14,Male,2.5,7.07,Bus
Jordan,EMR,2021,0-14,Female,8.77,30.01,Car
Jordan,EMR,2021,15-29,Male,7.65,17.82,Motorcycle
Jordan,EMR,2021,15-29,Female,5.24,18.31,Car
Jordan,EMR,2021,30-44,Male,21.08,56.72,Car
Jordan,EMR,2021,30-44,Female,4.55,13.65,Motorcycle
Jordan,EMR,2021,45-59,Male,9.98,32.9,Car
Jordan,EMR,2021,45-59,Female,9.8,18.44,Motorcycle
Jordan,EMR,2021,60+,Male,3.39,8.29,Bus
Jordan,EMR,2021,60+,Female,23.46,38.27,Motorcycle
Jordan,EMR,2022,0-14,Male,31.47,75.73,Motorcycle
Jordan,EMR,2022,0-14,Female,21.93,52.23,Bus
Jordan,EMR,2022,15-29,Male,17.23,45.13,Car
Jordan,EMR,2022,15-29,Female,7.9,14.72,Car
Jordan,EMR,2022,30-44,Male,34.75,117.88,Truck
Jordan,EMR,2022,30-44,Female,16.19,33.05,Car
Jordan,EMR,2022,45-59,Male,26.47,61.34,Bus
Jordan,EMR,2022,45-59,Female,2.96,5.36,Truck
Jordan,EMR,2022,60+,Male,29.21,82.31,Bus
Jordan,EMR,2022,60+,Female,3.03,5.89,Truck
Jordan,EMR,2023,0-14,Male,10.78,30.66,Motorcycle
Jordan,EMR,2023,0-14,Female,2.75,4.7,Motorcycle
Jordan,EMR,2023,15-29,Male,32.4,60.17,Pedestrian
Jordan,EMR,2023,15-29,Female,26.8,52.97,Truck
Jordan,EMR,2023,30-44,Male,5.78,11.48,Bus
Jordan,EMR,2023,30-44,Female,29.45,94.58,Motorcycle
Jordan,EMR,2023,45-59,Male,33.55,76.98,Motorcycle
Jordan,EMR,2023,45-59,Female,27.39,52.31,Pedestrian
Jordan,EMR,2023,60+,Male,13.14,43.27,Truck
Jordan,EMR,2023,60+,Female,2.49,4.16,Car
Lebanon,EMR,2015,0-14,Male,9.9,15.38,Truck
Lebanon,EMR,2015,0-14,Female,8.89,23.7,Pedestrian
Lebanon,EMR,2015,15-29,Male,18.01,59.17,Car
Lebanon,EMR,2015,15-29,Female,33.06,72.19,Pedestrian
Lebanon,EMR,2015,30-44,Male,11.86,26.8,Car
Lebanon,EMR,2015,30-44,Female,24.43,49.74,Car
Lebanon,EMR,2015,45-59,Male,25.72,59.64,Motorcycle
Lebanon,EMR,2015,45-59,Female,22.98,54.51,Bus
Lebanon,EMR,2015,60+,Male,13.19,44.81,Car
Lebanon,EMR,2015,60+,Female,31.02,55.22,Motorcycle
Lebanon,EMR,2016,0-14,Male,35.0,86.62,Pedestrian
Lebanon,EMR,2016,0-14,Female,35.99,111.56,Car
Lebanon,EMR,2016,15-29,Male,18.16,28.06,Bus
Lebanon,EMR,2016,15-29,Female,12.21,31.54,Truck
Lebanon,EMR,2016,30-44,Male,26.07,52.55,Car
Lebanon,EMR,2016,30-44,Female,7.3,23.14,Bus
Lebanon,EMR,2016,45-59,Male,39.41,100.55,Bus
Lebanon,EMR,2016,45-59,Female,8.52,17.42,Pedestrian
Lebanon,EMR,2016,60+,Male,2.7,8.99,Motorcycle
Lebanon,EMR,2016,60+,Female,6.47,17.17,Motorcycle
Lebanon,EMR,2017,0-14,Male,12.41,32.37,Truck
Lebanon,EMR,2017,0-14,Female,26.75,84.52,Bus
Lebanon,EMR,2017,15-29,Male,9.84,14.98,Truck
Lebanon,EMR,2017,15-29,Female,7.2,23.76,Bus
Lebanon,EMR,2017,30-44,Male,35.21,94.88,Bus
Lebanon,EMR,2017,30-44,Female,24.82,70.24,Pedestrian
Lebanon,EMR,2017,45-59,Male,8.66,28.83,Bus
Lebanon,EMR,2017,45-59,Female,17.91,40.59,Pedestrian
Lebanon,EMR,2017,60+,Male,21.72,34.62,Motorcycle
Lebanon,EMR,2017,60+,Female,8.32,24.76,Pedestrian
Lebanon,EMR,2018,0-14,Male,5.15,13.94,Bus
Lebanon,EMR,2018,0-14,Female,11.32,25.79,Car
Lebanon,EMR,2018,15-29,Male,12.97,28.68,Pedestrian
Lebanon,EMR,2018,15-29,Female,29.32,61.4,Car
Lebanon,EMR,2018,30-44,Male,23.52,57.67,Car
Lebanon,EMR,2018,30-44,Female,27.22,91.83,Bus
Lebanon,EMR,2018,45-59,Male,29.84,57.59,Bus
Lebanon,EMR,2018,45-59,Female,3.18,6.44,Motorcycle
Lebanon,EMR,2018,60+,Male,24.61,39.45,Bus
Lebanon,EMR,2018,60+,Female,20.86,56.19,Motorcycle
Lebanon,EMR,2019,0-14,Male,14.7,44.71,Motorcycle
Lebanon,EMR,2019,0-14,Female,6.05,9.98,Motorcycle
Lebanon,EMR,2019,15-29,Male,29.67,73.91,Car
Lebanon,EMR,2019,15-29,Female,28.16,66.73,Car
Lebanon,EMR,2019,30-44,Male,11.36,35.65,Bus
Lebanon,EMR,2019,30-44,Female,32.38,93.56,Motorcycle
Lebanon,EMR,2019,45-59,Male,12.34,33.08,Car
Lebanon,EMR,2019,45-59,Female,15.72,26.46,Truck
Lebanon,EMR,2019,60+,Male,36.86,65.38,Car
Lebanon,EMR,2019,60+,Female,38.11,91.16,Motorcycle
Lebanon,EMR,2020,0-14,Male,9.04,23.36,Truck
Lebanon,EMR,2020,0-14,Female,35.17,104.26,Car
Lebanon,EMR,2020,15-29,Male,32.65,91.99,Truck
Lebanon,EMR,2020,15-29,Female,28.31,90.55,Motorcycle
Lebanon,EMR,2020,30-44,Male,11.49,28.48,Bus
Lebanon,EMR,2020,30-44,Female,10.41,36.18,Pedestrian
Lebanon,EMR,2020,45-59,Male,37.87,59.79,Pedestrian
Lebanon,EMR,2020,45-59,Female,28.81,96.53,Pedestrian
Lebanon,EMR,2020,60+,Male,8.86,23.35,Truck
Lebanon,EMR,2020,60+,Female,36.79,57.68,Truck
Lebanon,EMR,2021,0-14,Male,28.5,59.7,Car
Lebanon,EMR,2021,0-14,Female,37.13,127.81,Motorcycle
Lebanon,EMR,2021,15-29,Male,37.88,92.75,Bus
Lebanon,EMR,2021,15-29,Female,34.76,110.85,Pedestrian
Lebanon,EMR,2021,30-44,Male,14.13,44.62,Car
Lebanon,EMR,2021,30-44,Female,3.41,9.18,Truck
Lebanon,EMR,2021,45-59,Male,10.74,18.7,Pedestrian
Lebanon,EMR,2021,45-59,Female,4.92,14.23,Car
Lebanon,EMR,2021,60+,Male,14.92,44.01,Bus
Lebanon,EMR,2021,60+,Female,4.48,9.55,Motorcycle
Lebanon,EMR,2022,0-14,Male,22.5,69.33,Pedestrian
Lebanon,EMR,2022,0-14,Female,14.11,38.83,Car
Lebanon,EMR,2022,15-29,Male,35.67,97.44,Pedestrian
Lebanon,EMR,2022,15-29,Female,10.85,16.8,Motorcycle
Lebanon,EMR,2022,30-44,Male,35.06,54.08,Bus
Lebanon,EMR,2022,30-44,Female,35.24,90.14,Bus
Lebanon,EMR,2022,45-59,Male,37.68,116.72,Pedestrian
Lebanon,EMR,2022,45-59,Female,39.92,87.88,Car
Lebanon,EMR,2022,60+,Male,31.15,71.77,Motorcycle
Lebanon,EMR,2022,60+,Female,20.24,55.76,Motorcycle
Lebanon,EMR,2023,0-14,Male,35.2,122.08,Bus
Lebanon,EMR,2023,0-14,Female,31.19,72.85,Motorcycle
Lebanon,EMR,2023,15-29,Male,18.01,53.58,Bus
Lebanon,EMR,2023,15-29,Female,11.07,19.05,Motorcycle
Lebanon,EMR,2023,30-44,Male,15.48,32.11,Truck
Lebanon,EMR,2023,30-44,Female,13.26,26.09,Pedestrian
Lebanon,EMR,2023,45-59,Male,3.6,5.53,Car
Lebanon,EMR,2023,45-59,Female,39.53,93.11,Car
Lebanon,EMR,2023,60+,Male,16.6,47.46,Pedestrian
Lebanon,EMR,2023,60+,Female,10.29,34.99,Motorcycle
France,EUR,2015,0-14,Male,31.88,53.52,Motorcycle
France,EUR,2015,0-14,Female,17.87,58.22,Pedestrian
France,EUR,2015,15-29,Male,37.9,92.28,Truck
France,EUR,2015,15-29,Female,25.31,46.42,Car
France,EUR,2015,30-44,Male,39.66,77.87,Bus
France,EUR,2015,30-44,Female,37.82,105.87,Pedestrian
France,EUR,2015,45-59,Male,25.09,63.36,Car
France,EUR,2015,45-59,Female,10.77,19.96,Bus
France,EUR,2015,60+,Male,10.38,19.44,Motorcycle
France,EUR,2015,60+,Female,31.62,69.57,Motorcycle
France,EUR,2016,0-14,Male,4.2,14.44,Motorcycle
France,EUR,2016,0-14,Female,35.58,119.39,Car
France,EUR,2016,15-29,Male,39.81,73.56,Car
France,EUR,2016,15-29,Female,17.06,51.46,Pedestrian
France,EUR,2016,30-44,Male,28.45,51.43,Bus
France,EUR,2016,30-44,Female,33.0,64.31,Bus
France,EUR,2016,45-59,Male,10.51,27.05,Truck
France,EUR,2016,45-59,Female,24.53,65.25,Car
France,EUR,2016,60+,Male,5.48,17.84,Bus
France,EUR,2016,60+,Female,12.09,21.27,Pedestrian
France,EUR,2017,0-14,Male,35.77,122.02,Pedestrian
France,EUR,2017,0-14,Female,34.76,108.42,Car
France,EUR,2017,15-29,Male,26.9,69.99,Bus
France,EUR,2017,15-29,Female,5.31,12.3,Truck
France,EUR,2017,30-44,Male,16.16,32.64,Bus
France,EUR,2017,30-44,Female,29.49,73.48,Pedestrian
France,EUR,2017,45-59,Male,5.08,9.86,Truck
France,EUR,2017,45-59,Female,27.96,46.2,Car
France,EUR,2017,60+,Male,34.35,85.54,Truck
France,EUR,2017,60+,Female,20.26,54.39,Motorcycle
France,EUR,2018,0-14,Male,33.34,73.2,Pedestrian
France,EUR,2018,0-14,Female,27.76,73.05,Pedestrian
France,EUR,2018,15-29,Male,12.15,39.58,Car
France,EUR,2018,15-29,Female,32.3,90.99,Car
France,EUR,2018,30-44,Male,34.32,111.01,Truck
France,EUR,2018,30-44,Female,28.92,91.79,Pedestrian
France,EUR,2018,45-59,Male,28.5,81.52,Motorcycle
France,EUR,2018,45-59,Female,25.51,76.67,Pedestrian
France,EUR,2018,60+,Male,8.03,26.19,Truck
France,EUR,2018,60+,Female,35.13,54.75,Truck
France,EUR,2019,0-14,Male,33.38,58.67,Pedestrian
France,EUR,2019,0-14,Female,14.73,44.0,Bus
France,EUR,2019,15-29,Male,8.11,25.43,Car
France,EUR,2019,15-29,Female,33.62,84.55,Truck
France,EUR,2019,30-44,Male,2.24,4.65,Motorcycle
France,EUR,2019,30-44,Female,25.44,88.08,Motorcycle
France,EUR,2019,45-59,Male,26.01,52.53,Pedestrian
France,EUR,2019,45-59,Female,26.09,67.31,Car
France,EUR,2019,60+,Male,31.63,54.21,Pedestrian
France,EUR,2019,60+,Female,30.92,79.85,Car
France,EUR,2020,0-14,Male,38.59,84.27,Car
France,EUR,2020,0-14,Female,26.04,87.6,Pedestrian
France,EUR,2020,15-29,Male,5.9,19.91,Pedestrian
France,EUR,2020,15-29,Female,28.14,46.03,Truck
France,EUR,2020,30-44,Male,13.44,39.2,Motorcycle
France,EUR,2020,30-44,Female,4.56,12.15,Truck
France,EUR,2020,45-59,Male,15.14,41.51,Pedestrian
France,EUR,2020,45-59,Female,3.74,12.13,Motorcycle
France,EUR,2020,60+,Male,38.99,134.04,Car
France,EUR,2020,60+,Female,30.49,53.67,Bus
France,EUR,2021,0-14,Male,30.81,47.73,Pedestrian
France,EUR,2021,0-14,Female,2.84,6.1,Bus
France,EUR,2021,15-29,Male,20.57,62.55,Car
France,EUR,2021,15-29,Female,27.97,66.9,Truck
France,EUR,2021,30-44,Male,12.4,43.33,Truck
France,EUR,2021,30-44,Female,18.19,43.71,Motorcycle
France,EUR,2021,45-59,Male,8.22,25.4,Truck
France,EUR,2021,45-59,Female,28.36,55.06,Pedestrian
France,EUR,2021,60+,Male,5.13,14.68,Truck
France,EUR,2021,60+,Female,26.87,54.99,Car
France,EUR,2022,0-14,Male,38.13,68.71,Car
France,EUR,2022,0-14,Female,18.43,62.43,Car
France,EUR,2022,15-29,Male,17.95,49.85,Pedestrian
France,EUR,2022,15-29,Female,17.11,35.05,Pedestrian
France,EUR,2022,30-44,Male,39.39,91.33,Truck
France,EUR,2022,30-44,Female,35.98,70.52,Car
France,EUR,2022,45-59,Male,10.1,15.78,Pedestrian
France,EUR,2022,45-59,Female,26.76,59.86,Motorcycle
France,EUR,2022,60+,Male,34.85,85.26,Bus
France,EUR,2022,60+,Female,38.79,72.58,Car
France,EUR,2023,0-14,Male,35.01,106.89,Bus
France,EUR,2023,0-14,Female,31.3,99.83,Bus
France,EUR,2023,15-29,Male,30.92,85.11,Truck
France,EUR,2023,15-29,Female,6.99,10.94,Bus
France,EUR,2023,30-44,Male,36.99,101.1,Motorcycle
France,EUR,2023,30-44,Female,32.27,79.48,Bus
France,EUR,2023,45-59,Male,6.46,11.31,Motorcycle
France,EUR,2023,45-59,Female,28.05,66.22,Pedestrian
France,EUR,2023,60+,Male,9.62,23.89,Car
France,EUR,2023,60+,Female,4.44,11.83,Truck
Germany,EUR,2015,0-14,Male,12.22,37.82,Bus
Germany,EUR,2015,0-14,Female,13.79,33.24,Car
Germany,EUR,2015,15-29,Male,2.44,4.01,Motorcycle
Germany,EUR,2015,15-29,Female,16.91,41.6,Car
Germany,EUR,2015,30-44,Male,24.8,51.67,Truck
Germany,EUR,2015,30-44,Female,28.41,91.49,Bus
Germany,EUR,2015,45-59,Male,31.63,49.95,Pedestrian
Germany,EUR,2015,45-59,Female,20.26,34.64,Motorcycle
Germany,EUR,2015,60+,Male,11.2,38.9,Car
Germany,EUR,2015,60+,Female,7.41,18.51,Truck
Germany,EUR,2016,0-14,Male,25.49,74.05,Car
Germany,EUR,2016,0-14,Female,23.27,35.36,Pedestrian
Germany,EUR,2016,15-29,Male,14.41,36.54,Truck
Germany,EUR,2016,15-29,Female,5.34,11.75,Bus
Germany,EUR,2016,30-44,Male,3.26,5.4,Truck
Germany,EUR,2016,30-44,Female,17.08,30.15,Motorcycle
Germany,EUR,2016,45-59,Male,23.57,67.86,Motorcycle
Germany,EUR,2016,45-59,Female,32.42,61.61,Bus
Germany,EUR,2016,60+,Male,8.36,14.29,Car
Germany,EUR,2016,60+,Female,26.18,76.26,Truck
Germany,EUR,2017,0-14,Male,3.2,10.79,Car
Germany,EUR,2017,0-14,Female,3.97,10.25,Motorcycle
Germany,EUR,2017,15-29,Male,28.94,93.82,Pedestrian
Germany,EUR,2017,15-29,Female,29.14,90.43,Bus
Germany,EUR,2017,30-44,Male,14.9,46.63,Car
Germany,EUR,2017,30-44,Female,5.04,16.58,Motorcycle
Germany,EUR,2017,45-59,Male,22.81,71.5,Truck
Germany,EUR,2017,45-59,Female,19.19,53.49,Bus
Germany,EUR,2017,60+,Male,22.0,65.19,Truck
Germany,EUR,2017,60+,Female,5.1,8.27,Car
Germany,EUR,2018,0-14,Male,11.39,20.72,Motorcycle
Germany,EUR,2018,0-14,Female,35.13,68.1,Truck
Germany,EUR,2018,15-29,Male,39.08,84.95,Pedestrian
Germany,EUR,2018,15-29,Female,8.92,27.47,Car
Germany,EUR,2018,30-44,Male,27.03,67.48,Bus
Germany,EUR,2018,30-44,Female,23.1,67.88,Motorcycle
Germany,EUR,2018,45-59,Male,10.68,37.3,Car
Germany,EUR,2018,45-59,Female,39.04,109.34,Bus
Germany,EUR,2018,60+,Male,9.58,27.4,Bus
Germany,EUR,2018,60+,Female,4.74,7.4,Truck
Germany,EUR,2019,0-14,Male,11.79,28.59,Motorcycle
Germany,EUR,2019,0-14,Female,34.99,103.37,Car
Germany,EUR,2019,15-29,Male,30.22,71.05,Bus
Germany,EUR,2019,15-29,Female,15.15,33.97,Car
Germany,EUR,2019,30-44,Male,39.53,62.47,Bus
Germany,EUR,2019,30-44,Female,34.95,92.87,Bus
Germany,EUR,2019,45-59,Male,18.67,55.09,Pedestrian
Germany,EUR,2019,45-59,Female,20.49,66.53,Bus
Germany,EUR,2019,60+,Male,36.23,84.9,Car
Germany,EUR,2019,60+,Female,12.52,33.61,Motorcycle
Germany,EUR,2020,0-14,Male,36.67,70.45,Bus
Germany,EUR,2020,0-14,Female,25.67,70.93,Motorcycle
Germany,EUR,2020,15-29,Male,29.86,52.65,Motorcycle
Germany,EUR,2020,15-29,Female,29.2,96.89,Pedestrian
Germany,EUR,2020,30-44,Male,8.83,17.44,Truck
Germany,EUR,2020,30-44,Female,38.91,72.45,Pedestrian
Germany,EUR,2020,45-59,Male,34.47,85.64,Pedestrian
Germany,EUR,2020,45-59,Female,11.39,36.92,Bus
Germany,EUR,2020,60+,Male,18.92,47.86,Motorcycle
Germany,EUR,2020,60+,Female,15.65,42.03,Bus
Germany,EUR,2021,0-14,Male,8.21,18.74,Pedestrian
Germany,EUR,2021,0-14,Female,38.84,78.31,Car
Germany,EUR,2021,15-29,Male,26.96,57.97,Bus
Germany,EUR,2021,15-29,Female,31.39,55.3,Car
Germany,EUR,2021,30-44,Male,38.85,93.53,Truck
Germany,EUR,2021,30-44,Female,10.97,18.07,Car
Germany,EUR,2021,45-59,Male,8.45,21.46,Pedestrian
Germany,EUR,2021,45-59,Female,14.81,46.77,Car
Germany,EUR,2021,60+,Male,18.37,36.69,Bus
Germany,EUR,2021,60+,Female,25.45,74.15,Pedestrian
Germany,EUR,2022,0-14,Male,8.35,15.32,Pedestrian
Germany,EUR,2022,0-14,Female,3.39,10.08,Truck
Germany,EUR,2022,15-29,Male,27.22,66.67,Pedestrian
Germany,EUR,2022,15-29,Female,34.08,106.03,Pedestrian
Germany,EUR,2022,30-44,Male,24.24,78.45,Bus
Germany,EUR,2022,30-44,Female,9.82,16.93,Bus
Germany,EUR,2022,45-59,Male,12.25,19.77,Truck
Germany,EUR,2022,45-59,Female,22.18,74.82,Car
Germany,EUR,2022,60+,Male,3.5,6.1,Motorcycle
Germany,EUR,2022,60+,Female,19.18,64.59,Pedestrian
Germany,EUR,2023,0-14,Male,14.01,35.23,Truck
Germany,EUR,2023,0-14,Female,3.58,6.43,Motorcycle
Germany,EUR,2023,15-29,Male,39.49,135.46,Motorcycle
Germany,EUR,2023,15-29,Female,2.19,7.45,Bus
Germany,EUR,2023,30-44,Male,26.29,85.07,Car
Germany,EUR,2023,30-44,Female,19.28,48.8,Car
Germany,EUR,2023,45-59,Male,20.58,58.32,Car
Germany,EUR,2023,45-59,Female,7.31,11.4,Bus
Germany,EUR,2023,60+,Male,13.7,39.86,Pedestrian
Germany,EUR,2023,60+,Female,9.67,27.53,Motorcycle
Italy,EUR,2015,0-14,Male,38.86,65.59,Pedestrian
Italy,EUR,2015,0-14,Female,27.56,65.8,Motorcycle
Italy,EUR,2015,15-29,Male,34.99,64.88,Bus
Italy,EUR,2015,15-29,Female,28.32,89.95,Bus
Italy,EUR,2015,30-44,Male,37.9,108.64,Motorcycle
Italy,EUR,2015,30-44,Female,20.89,57.15,Motorcycle
Italy,EUR,2015,45-59,Male,35.02,92.5,Motorcycle
Italy,EUR,2015,45-59,Female,3.15,10.59,Motorcycle
Italy,EUR,2015,60+,Male,28.2,80.46,Bus
Italy,EUR,2015,60+,Female,10.2,28.74,Truck
Italy,EUR,2016,0-14,Male,16.97,47.56,Car
Italy,EUR,2016,0-14,Female,6.05,17.03,Pedestrian
Italy,EUR,2016,15-29,Male,39.98,63.83,Bus
Italy,EUR,2016,15-29,Female,39.13,90.54,Bus
Italy,EUR,2016,30-44,Male,35.09,107.54,Pedestrian
Italy,EUR,2016,30-44,Female,23.55,70.11,Truck
Italy,EUR,2016,45-59,Male,35.38,81.67,Bus
Italy,EUR,2016,45-59,Female,14.43,40.91,Pedestrian
Italy,EUR,2016,60+,Male,32.7,98.9,Car
Italy,EUR,2016,60+,Female,32.32,76.64,Motorcycle
Italy,EUR,2017,0-14,Male,33.08,57.57,Truck
Italy,EUR,2017,0-14,Female,22.69,34.3,Truck
Italy,EUR,2017,15-29,Male,14.33,32.0,Pedestrian
Italy,EUR,2017,15-29,Female,17.05,49.29,Bus
Italy,EUR,2017,30-44,Male,16.77,40.2,Pedestrian
Italy,EUR,2017,30-44,Female,11.03,24.78,Truck
Italy,EUR,2017,45-59,Male,10.64,17.52,Bus
Italy,EUR,2017,45-59,Female,24.93,70.71,Truck
Italy,EUR,2017,60+,Male,25.54,61.99,Pedestrian
Italy,EUR,2017,60+,Female,16.43,53.01,Motorcycle
Italy,EUR,2018,0-14,Male,21.73,53.42,Bus
Italy,EUR,2018,0-14,Female,2.97,6.48,Pedestrian
Italy,EUR,2018,15-29,Male,16.45,37.8,Truck
Italy,EUR,2018,15-29,Female,24.05,61.74,Bus
Italy,EUR,2018,30-44,Male,25.1,76.05,Truck
Italy,EUR,2018,30-44,Female,32.89,96.57,Pedestrian
Italy,EUR,2018,45-59,Male,38.31,58.86,Motorcycle
Italy,EUR,2018,45-59,Female,9.44,14.3,Truck
Italy,EUR,2018,60+,Male,26.6,87.68,Pedestrian
Italy,EUR,2018,60+,Female,11.25,37.73,Motorcycle
Italy,EUR,2019,0-14,Male,4.29,14.45,Motorcycle
Italy,EUR,2019,0-14,Female,15.36,26.16,Pedestrian
Italy,EUR,2019,15-29,Male,20.46,41.2,Truck
Italy,EUR,2019,15-29,Female,12.83,27.13,Bus
Italy,EUR,2019,30-44,Male,32.51,83.82,Motorcycle
Italy,EUR,2019,30-44,Female,13.83,37.63,Bus
Italy,EUR,2019,45-59,Male,29.21,59.74,Bus
Italy,EUR,2019,45-59,Female,17.71,30.88,Motorcycle
Italy,EUR,2019,60+,Male,8.88,25.42,Pedestrian
Italy,EUR,2019,60+,Female,8.89,22.67,Motorcycle
Italy,EUR,2020,0-14,Male,28.94,49.6,Motorcycle
Italy,EUR,2020,0-14,Female,23.56,47.43,Motorcycle
Italy,EUR,2020,15-29,Male,38.59,95.21,Car
Italy,EUR,2020,15-29,Female,32.63,84.85,Pedestrian
Italy,EUR,2020,30-44,Male,3.65,10.1,Pedestrian
Italy,EUR,2020,30-44,Female,38.15,103.13,Motorcycle
Italy,EUR,2020,45-59,Male,33.13,108.28,Bus
Italy,EUR,2020,45-59,Female,10.67,20.53,Pedestrian
Italy,EUR,2020,60+,Male,25.22,58.56,Pedestrian
Italy,EUR,2020,60+,Female,33.91,111.9,Pedestrian
Italy,EUR,2021,0-14,Male,15.43,30.45,Car
Italy,EUR,2021,0-14,Female,31.66,64.89,Truck
Italy,EUR,2021,15-29,Male,33.26,78.08,Car
Italy,EUR,2021,15-29,Female,27.37,46.28,Truck
Italy,EUR,2021,30-44,Male,25.71,61.79,Motorcycle
Italy,EUR,2021,30-44,Female,24.29,44.6,Car
Italy,EUR,2021,45-59,Male,30.0,96.77,Motorcycle
Italy,EUR,2021,45-59,Female,10.24,17.32,Pedestrian
Italy,EUR,2021,60+,Male,2.9,8.07,Bus
Italy,EUR,2021,60+,Female,25.07,65.02,Motorcycle
Italy,EUR,2022,0-14,Male,10.81,24.67,Bus
Italy,EUR,2022,0-14,Female,24.59,61.32,Car
Italy,EUR,2022,15-29,Male,39.54,70.1,Bus
Italy,EUR,2022,15-29,Female,28.42,65.61,Bus
Italy,EUR,2022,30-44,Male,18.27,53.63,Car
Italy,EUR,2022,30-44,Female,28.31,98.59,Car
Italy,EUR,2022,45-59,Male,6.88,11.75,Car
Italy,EUR,2022,45-59,Female,29.52,78.43,Truck
Italy,EUR,2022,60+,Male,12.42,20.6,Car
Italy,EUR,2022,60+,Female,5.26,17.3,Bus
Italy,EUR,2023,0-14,Male,9.29,19.94,Car
Italy,EUR,2023,0-14,Female,10.61,23.45,Car
Italy,EUR,2023,15-29,Male,4.64,11.78,Motorcycle
Italy,EUR,2023,15-29,Female,4.57,14.17,Truck
Italy,EUR,2023,30-44,Male,10.88,28.07,Car
Italy,EUR,2023,30-44,Female,35.44,99.29,Motorcycle
Italy,EUR,2023,45-59,Male,22.25,47.81,Pedestrian
Italy,EUR,2023,45-59,Female,14.65,41.59,Motorcycle
Italy,EUR,2023,60+,Male,39.78,112.33,Pedestrian
Italy,EUR,2023,60+,Female,23.2,68.7,Motorcycle
USA,AMR,2015,0-14,Male,19.68,31.89,Bus
USA,AMR,2015,0-14,Female,23.37,79.81,Truck
USA,AMR,2015,15-29,Male,8.66,24.94,Car
USA,AMR,2015,15-29,Female,9.64,24.79,Truck
USA,AMR,2015,30-44,Male,5.67,13.61,Car
USA,AMR,2015,30-44,Female,30.73,67.46,Truck
USA,AMR,2015,45-59,Male,27.27,84.29,Bus
USA,AMR,2015,45-59,Female,37.23,73.32,Bus
USA,AMR,2015,60+,Male,17.17,30.99,Car
USA,AMR,2015,60+,Female,39.71,133.19,Truck
USA,AMR,2016,0-14,Male,22.52,71.71,Pedestrian
USA,AMR,2016,0-14,Female,21.8,59.89,Motorcycle
USA,AMR,2016,15-29,Male,5.39,16.23,Pedestrian
USA,AMR,2016,15-29,Female,6.85,21.59,Bus
USA,AMR,2016,30-44,Male,31.72,92.54,Car
USA,AMR,2016,30-44,Female,3.37,7.1,Motorcycle
USA,AMR,2016,45-59,Male,12.0,26.64,Bus
USA,AMR,2016,45-59,Female,5.33,17.98,Bus
USA,AMR,2016,60+,Male,23.04,48.64,Truck
USA,AMR,2016,60+,Female,17.09,40.92,Bus
USA,AMR,2017,0-14,Male,24.82,62.83,Motorcycle
USA,AMR,2017,0-14,Female,36.94,92.13,Car
USA,AMR,2017,15-29,Male,39.7,127.15,Bus
USA,AMR,2017,15-29,Female,9.92,33.34,Car
USA,AMR,2017,30-44,Male,6.42,20.13,Car
USA,AMR,2017,30-44,Female,16.46,53.59,Car
USA,AMR,2017,45-59,Male,34.99,108.88,Bus
USA,AMR,2017,45-59,Female,32.02,67.54,Car
USA,AMR,2017,60+,Male,5.07,11.69,Truck
USA,AMR,2017,60+,Female,8.59,24.82,Motorcycle
USA,AMR,2018,0-14,Male,15.15,52.29,Pedestrian
USA,AMR,2018,0-14,Female,26.36,82.9,Truck
USA,AMR,2018,15-29,Male,7.04,22.7,Pedestrian
USA,AMR,2018,15-29,Female,37.06,91.69,Motorcycle
USA,AMR,2018,30-44,Male,25.04,75.86,Pedestrian
USA,AMR,2018,30-44,Female,8.64,21.64,Motorcycle
USA,AMR,2018,45-59,Male,17.15,30.75,Car
USA,AMR,2018,45-59,Female,15.97,26.13,Bus
USA,AMR,2018,60+,Male,2.98,5.28,Bus
USA,AMR,2018,60+,Female,38.6,100.32,Truck
USA,AMR,2019,0-14,Male,38.7,91.53,Truck
USA,AMR,2019,0-14,Female,13.85,34.8,Motorcycle
USA,AMR,2019,15-29,Male,18.7,32.0,Truck
USA,AMR,2019,15-29,Female,26.35,50.91,Motorcycle
USA,AMR,2019,30-44,Male,25.54,71.52,Truck
USA,AMR,2019,30-44,Female,7.78,12.62,Bus
USA,AMR,2019,45-59,Male,31.67,76.63,Motorcycle
USA,AMR,2019,45-59,Female,4.21,14.69,Motorcycle
USA,AMR,2019,60+,Male,4.2,12.14,Truck
USA,AMR,2019,60+,Female,39.38,77.91,Motorcycle
USA,AMR,2020,0-14,Male,7.41,12.91,Bus
USA,AMR,2020,0-14,Female,13.52,23.01,Motorcycle
USA,AMR,2020,15-29,Male,28.3,45.98,Truck
USA,AMR,2020,15-29,Female,21.36,74.62,Car
USA,AMR,2020,30-44,Male,32.93,89.91,Bus
USA,AMR,2020,30-44,Female,13.64,37.48,Motorcycle
USA,AMR,2020,45-59,Male,22.03,51.82,Truck
USA,AMR,2020,45-59,Female,6.97,22.81,Motorcycle
USA,AMR,2020,60+,Male,19.09,36.07,Motorcycle
USA,AMR,2020,60+,Female,15.97,37.18,Pedestrian
USA,AMR,2021,0-14,Male,33.45,99.25,Pedestrian
USA,AMR,2021,0-14,Female,31.23,47.53,Motorcycle
USA,AMR,2021,15-29,Male,17.81,43.86,Pedestrian
USA,AMR,2021,15-29,Female,2.73,5.51,Car
USA,AMR,2021,30-44,Male,30.89,54.81,Bus
USA,AMR,2021,30-44,Female,22.34,43.13,Bus
USA,AMR,2021,45-59,Male,2.46,4.88,Truck
USA,AMR,2021,45-59,Female,39.08,121.27,Car
USA,AMR,2021,60+,Male,38.46,95.22,Truck
USA,AMR,2021,60+,Female,6.17,16.02,Bus
USA,AMR,2022,0-14,Male,19.27,61.45,Bus
USA,AMR,2022,0-14,Female,5.73,14.19,Truck
USA,AMR,2022,15-29,Male,7.7,16.55,Bus
USA,AMR,2022,15-29,Female,30.02,73.61,Truck
USA,AMR,2022,30-44,Male,16.28,37.26,Bus
USA,AMR,2022,30-44,Female,19.46,59.74,Motorcycle
USA,AMR,2022,45-59,Male,35.9,122.44,Motorcycle
USA,AMR,2022,45-59,Female,31.9,67.97,Pedestrian
USA,AMR,2022,60+,Male,28.15,66.86,Pedestrian
USA,AMR,2022,60+,Female,11.68,37.16,Bus
USA,AMR,2023,0-14,Male,3.46,11.43,Bus
USA,AMR,2023,0-14,Female,19.54,54.21,Pedestrian
USA,AMR,2023,15-29,Male,27.06,89.03,Car
USA,AMR,2023,15-29,Female,26.19,71.44,Motorcycle
USA,AMR,2023,30-44,Male,4.53,11.49,Pedestrian
USA,AMR,2023,30-44,Female,7.71,22.94,Bus
USA,AMR,2023,45-59,Male,21.46,61.39,Truck
USA,AMR,2023,45-59,Female,3.58,5.98,Bus
USA,AMR,2023,60+,Male,29.22,48.04,Car
USA,AMR,2023,60+,Female,4.71,7.18,Car
Brazil,AMR,2015,0-14,Male,38.35,114.09,Bus
Brazil,AMR,2015,0-14,Female,15.42,32.28,Car
Brazil,AMR,2015,15-29,Male,15.29,46.62,Truck
Brazil,AMR,2015,15-29,Female,27.13,50.74,Bus
Brazil,AMR,2015,30-44,Male,8.62,14.63,Motorcycle
Brazil,AMR,2015,30-44,Female,27.09,82.05,Car
Brazil,AMR,2015,45-59,Male,12.07,18.61,Bus
Brazil,AMR,2015,45-59,Female,5.12,17.59,Bus
Brazil,AMR,2015,60+,Male,13.23,40.2,Bus
Brazil,AMR,2015,60+,Female,25.74,58.27,Truck
Brazil,AMR,2016,0-14,Male,9.82,17.11,Truck
Brazil,AMR,2016,0-14,Female,25.37,77.36,Truck
Brazil,AMR,2016,15-29,Male,26.47,67.78,Pedestrian
Brazil,AMR,2016,15-29,Female,3.59,12.34,Bus
Brazil,AMR,2016,30-44,Male,32.35,67.47,Pedestrian
Brazil,AMR,2016,30-44,Female,39.24,106.1,Truck
Brazil,AMR,2016,45-59,Male,24.13,72.3,Car
Brazil,AMR,2016,45-59,Female,32.85,92.41,Pedestrian
Brazil,AMR,2016,60+,Male,6.87,14.95,Bus
Brazil,AMR,2016,60+,Female,37.27,72.65,Pedestrian
Brazil,AMR,2017,0-14,Male,16.14,38.16,Pedestrian
Brazil,AMR,2017,0-14,Female,18.7,50.97,Truck
Brazil,AMR,2017,15-29,Male,37.84,74.98,Car
Brazil,AMR,2017,15-29,Female,6.62,12.54,Truck
Brazil,AMR,2017,30-44,Male,35.7,99.66,Motorcycle
Brazil,AMR,2017,30-44,Female,12.86,40.28,Truck
Brazil,AMR,2017,45-59,Male,34.73,110.89,Truck
Brazil,AMR,2017,45-59,Female,36.92,74.01,Pedestrian
Brazil,AMR,2017,60+,Male,30.69,74.3,Bus
Brazil,AMR,2017,60+,Female,34.0,100.54,Truck
Brazil,AMR,2018,0-14,Male,31.51,88.62,Pedestrian
Brazil,AMR,2018,0-14,Female,8.74,22.64,Motorcycle
Brazil,AMR,2018,15-29,Male,39.42,133.03,Car
Brazil,AMR,2018,15-29,Female,3.64,6.66,Car
Brazil,AMR,2018,30-44,Male,7.01,20.69,Car
Brazil,AMR,2018,30-44,Female,33.08,63.75,Truck
Brazil,AMR,2018,45-59,Male,21.22,67.51,Motorcycle
Brazil,AMR,2018,45-59,Female,29.85,77.15,Car
Brazil,AMR,2018,60+,Male,24.43,61.48,Bus
Brazil,AMR,2018,60+,Female,13.31,35.01,Car
Brazil,AMR,2019,0-14,Male,28.18,91.49,Bus
Brazil,AMR,2019,0-14,Female,26.18,79.12,Truck
Brazil,AMR,2019,15-29,Male,8.08,19.58,Pedestrian
Brazil,AMR,2019,15-29,Female,2.35,4.68,Motorcycle
Brazil,AMR,2019,30-44,Male,29.61,103.15,Car
Brazil,AMR,2019,30-44,Female,5.77,13.29,Motorcycle
Brazil,AMR,2019,45-59,Male,32.4,61.82,Pedestrian
Brazil,AMR,2019,45-59,Female,23.09,68.49,Truck
Brazil,AMR,2019,60+,Male,25.41,47.67,Bus
Brazil,AMR,2019,60+,Female,15.5,47.55,Bus
Brazil,AMR,2020,0-14,Male,23.06,34.83,Car
Brazil,AMR,2020,0-14,Female,30.92,48.56,Truck
Brazil,AMR,2020,15-29,Male,30.34,57.8,Bus
Brazil,AMR,2020,15-29,Female,38.41,85.88,Pedestrian
Brazil,AMR,2020,30-44,Male,14.42,25.92,Car
Brazil,AMR,2020,30-44,Female,13.61,44.28,Truck
Brazil,AMR,2020,45-59,Male,39.86,89.15,Pedestrian
Brazil,AMR,2020,45-59,Female,19.05,56.09,Pedestrian
Brazil,AMR,2020,60+,Male,35.68,95.84,Car
Brazil,AMR,2020,60+,Female,16.88,39.25,Bus
Brazil,AMR,2021,0-14,Male,28.43,42.83,Pedestrian
Brazil,AMR,2021,0-14,Female,25.54,56.47,Car
Brazil,AMR,2021,15-29,Male,32.18,54.25,Motorcycle
Brazil,AMR,2021,15-29,Female,24.35,59.95,Motorcycle
Brazil,AMR,2021,30-44,Male,26.41,43.04,Truck
Brazil,AMR,2021,30-44,Female,24.04,63.06,Truck
Brazil,AMR,2021,45-59,Male,23.31,63.1,Truck
Brazil,AMR,2021,45-59,Female,27.71,86.18,Pedestrian
Brazil,AMR,2021,60+,Male,12.25,38.59,Truck
Brazil,AMR,2021,60+,Female,20.93,34.62,Car
Brazil,AMR,2022,0-14,Male,4.22,9.15,Car
Brazil,AMR,2022,0-14,Female,31.83,92.8,Car
Brazil,AMR,2022,15-29,Male,31.97,81.03,Motorcycle
Brazil,AMR,2022,15-29,Female,18.73,33.62,Truck
Brazil,AMR,2022,30-44,Male,14.47,34.27,Car
Brazil,AMR,2022,30-44,Female,5.37,10.42,Car
Brazil,AMR,2022,45-59,Male,24.73,73.48,Car
Brazil,AMR,2022,45-59,Female,39.94,134.45,Truck
Brazil,AMR,2022,60+,Male,26.42,61.89,Truck
Brazil,AMR,2022,60+,Female,26.17,80.38,Motorcycle
Brazil,AMR,2023,0-14,Male,6.5,15.08,Car
Brazil,AMR,2023,0-14,Female,33.91,76.9,Pedestrian
Brazil,AMR,2023,15-29,Male,23.73,63.49,Truck
Brazil,AMR,2023,15-29,Female,9.01,20.04,Truck
Brazil,AMR,2023,30-44,Male,14.71,22.84,Truck
Brazil,AMR,2023,30-44,Female,2.92,9.24,Car
Brazil,AMR,2023,45-59,Male,12.38,31.4,Motorcycle
Brazil,AMR,2023,45-59,Female,13.35,45.14,Truck
Brazil,AMR,2023,60+,Male,11.85,27.96,Bus
Brazil,AMR,2023,60+,Female,35.16,111.94,Car
Canada,AMR,2015,0-14,Male,9.07,28.16,Pedestrian
Canada,AMR,2015,0-14,Female,19.41,47.86,Truck
Canada,AMR,2015,15-29,Male,7.07,11.74,Motorcycle
Canada,AMR,2015,15-29,Female,29.66,73.94,Pedestrian
Canada,AMR,2015,30-44,Male,18.6,55.04,Pedestrian
Canada,AMR,2015,30-44,Female,31.09,56.52,Motorcycle
Canada,AMR,2015,45-59,Male,25.19,44.6,Pedestrian
Canada,AMR,2015,45-59,Female,30.55,85.96,Truck
Canada,AMR,2015,60+,Male,38.35,62.81,Truck
Canada,AMR,2015,60+,Female,4.17,8.61,Bus
Canada,AMR,2016,0-14,Male,11.94,23.81,Truck
Canada,AMR,2016,0-14,Female,36.44,72.85,Car
Canada,AMR,2016,15-29,Male,12.33,37.22,Pedestrian
Canada,AMR,2016,15-29,Female,19.09,58.29,Pedestrian
Canada,AMR,2016,30-44,Male,4.48,11.09,Truck
Canada,AMR,2016,30-44,Female,3.28,5.33,Truck
Canada,AMR,2016,45-59,Male,36.44,64.81,Bus
Canada,AMR,2016,45-59,Female,22.23,51.62,Pedestrian
Canada,AMR,2016,60+,Male,15.2,50.15,Truck
Canada,AMR,2016,60+,Female,2.83,8.0,Motorcycle
Canada,AMR,2017,0-14,Male,38.61,101.17,Bus
Canada,AMR,2017,0-14,Female,37.6,60.33,Truck
Canada,AMR,2017,15-29,Male,17.91,36.18,Bus
Canada,AMR,2017,15-29,Female,29.77,103.08,Bus
Canada,AMR,2017,30-44,Male,11.75,33.0,Bus
Canada,AMR,2017,30-44,Female,9.53,25.07,Bus
Canada,AMR,2017,45-59,Male,19.63,67.61,Car
Canada,AMR,2017,45-59,Female,25.12,55.24,Bus
Canada,AMR,2017,60+,Male,6.34,11.43,Truck
Canada,AMR,2017,60+,Female,10.56,21.14,Truck
Canada,AMR,2018,0-14,Male,34.32,90.0,Truck
Canada,AMR,2018,0-14,Female,21.89,37.86,Car
Canada,AMR,2018,15-29,Male,34.69,102.18,Car
Canada,AMR,2018,15-29,Female,4.57,13.32,Motorcycle
Canada,AMR,2018,30-44,Male,22.65,37.68,Bus
Canada,AMR,2018,30-44,Female,19.42,47.96,Motorcycle
Canada,AMR,2018,45-59,Male,8.3,28.15,Truck
Canada,AMR,2018,45-59,Female,34.3,97.34,Pedestrian
Canada,AMR,2018,60+,Male,19.57,45.47,Car
Canada,AMR,2018,60+,Female,26.74,69.28,Truck
Canada,AMR,2019,0-14,Male,4.37,11.03,Motorcycle
Canada,AMR,2019,0-14,Female,32.64,78.94,Bus
Canada,AMR,2019,15-29,Male,3.97,12.2,Motorcycle
Canada,AMR,2019,15-29,Female,9.65,19.47,Car
Canada,AMR,2019,30-44,Male,8.26,17.85,Car
Canada,AMR,2019,30-44,Female,30.76,78.09,Motorcycle
Canada,AMR,2019,45-59,Male,9.79,31.87,Motorcycle
Canada,AMR,2019,45-59,Female,35.42,114.8,Truck
Canada,AMR,2019,60+,Male,11.07,26.6,Car
Canada,AMR,2019,60+,Female,39.43,120.03,Bus
Canada,AMR,2020,0-14,Male,3.03,4.94,Bus
Canada,AMR,2020,0-14,Female,19.63,65.14,Car
Canada,AMR,2020,15-29,Male,22.47,56.08,Pedestrian
Canada,AMR,2020,15-29,Female,6.01,16.91,Truck
Canada,AMR,2020,30-44,Male,33.24,75.15,Car
Canada,AMR,2020,30-44,Female,31.47,107.91,Pedestrian
Canada,AMR,2020,45-59,Male,9.74,24.8,Truck
Canada,AMR,2020,45-59,Female,12.91,39.84,Motorcycle
Canada,AMR,2020,60+,Male,23.95,66.32,Pedestrian
Canada,AMR,2020,60+,Female,32.32,74.08,Pedestrian
Canada,AMR,2021,0-14,Male,36.77,94.35,Pedestrian
Canada,AMR,2021,0-14,Female,8.0,23.13,Truck
Canada,AMR,2021,15-29,Male,32.14,68.57,Bus
Canada,AMR,2021,15-29,Female,34.57,114.51,Pedestrian
Canada,AMR,2021,30-44,Male,12.52,43.41,Pedestrian
Canada,AMR,2021,30-44,Female,7.35,13.99,Truck
Canada,AMR,2021,45-59,Male,9.0,29.59,Truck
Canada,AMR,2021,45-59,Female,26.86,48.46,Truck
Canada,AMR,2021,60+,Male,18.73,51.14,Car
Canada,AMR,2021,60+,Female,5.17,16.88,Motorcycle
Canada,AMR,2022,0-14,Male,32.54,81.69,Motorcycle
Canada,AMR,2022,0-14,Female,38.75,90.5,Motorcycle
Canada,AMR,2022,15-29,Male,39.4,111.73,Truck
Canada,AMR,2022,15-29,Female,26.12,47.85,Truck
Canada,AMR,2022,30-44,Male,35.51,83.63,Pedestrian
Canada,AMR,2022,30-44,Female,8.16,12.45,Bus
Canada,AMR,2022,45-59,Male,23.27,59.45,Car
Canada,AMR,2022,45-59,Female,29.34,96.25,Bus
Canada,AMR,2022,60+,Male,5.02,14.87,Pedestrian
Canada,AMR,2022,60+,Female,9.12,29.33,Pedestrian
Canada,AMR,2023,0-14,Male,33.12,85.5,Bus
Canada,AMR,2023,0-14,Female,28.99,61.71,Truck
Canada,AMR,2023,15-29,Male,19.9,62.55,Truck
Canada,AMR,2023,15-29,Female,19.45,43.09,Car
Canada,AMR,2023,30-44,Male,20.78,65.59,Car
Canada,AMR,2023,30-44,Female,14.74,27.23,Truck
Canada,AMR,2023,45-59,Male,29.06,91.6,Pedestrian
Canada,AMR,2023,45-59,Female,5.82,11.52,Pedestrian
Canada,AMR,2023,60+,Male,7.39,16.23,Truck
Canada,AMR,2023,60+,Female,19.11,57.29,Motorcycle
Japan,WPR,2015,0-14,Male,26.74,73.32,Motorcycle
Japan,WPR,2015,0-14,Female,15.39,48.98,Bus
Japan,WPR,2015,15-29,Male,19.91,68.85,Motorcycle
Japan,WPR,2015,15-29,Female,26.1,45.74,Pedestrian
Japan,WPR,2015,30-44,Male,27.69,59.54,Bus
Japan,WPR,2015,30-44,Female,28.08,46.03,Pedestrian
Japan,WPR,2015,45-59,Male,8.65,27.78,Truck
Japan,WPR,2015,45-59,Female,10.63,33.74,Pedestrian
Japan,WPR,2015,60+,Male,12.61,35.13,Pedestrian
Japan,WPR,2015,60+,Female,28.38,71.67,Pedestrian
Japan,WPR,2016,0-14,Male,13.6,26.18,Pedestrian
Japan,WPR,2016,0-14,Female,3.26,6.87,Truck
Japan,WPR,2016,15-29,Male,26.82,90.56,Motorcycle
Japan,WPR,2016,15-29,Female,35.11,106.46,Pedestrian
Japan,WPR,2016,30-44,Male,31.96,90.45,Truck
Japan,WPR,2016,30-44,Female,11.89,39.41,Truck
Japan,WPR,2016,45-59,Male,27.49,72.05,Truck
Japan,WPR,2016,45-59,Female,6.22,14.89,Car
Japan,WPR,2016,60+,Male,19.49,62.94,Pedestrian
Japan,WPR,2016,60+,Female,22.77,51.48,Bus
Japan,WPR,2017,0-14,Male,39.12,67.34,Bus
Japan,WPR,2017,0-14,Female,18.06,28.61,Pedestrian
Japan,WPR,2017,15-29,Male,30.12,100.48,Pedestrian
Japan,WPR,2017,15-29,Female,12.64,40.66,Pedestrian
Japan,WPR,2017,30-44,Male,13.1,43.51,Bus
Japan,WPR,2017,30-44,Female,30.65,95.32,Truck
Japan,WPR,2017,45-59,Male,2.68,9.18,Car
Japan,WPR,2017,45-59,Female,29.61,62.46,Motorcycle
Japan,WPR,2017,60+,Male,33.52,69.15,Bus
Japan,WPR,2017,60+,Female,35.16,60.66,Pedestrian
Japan,WPR,2018,0-14,Male,28.74,74.19,Car
Japan,WPR,2018,0-14,Female,5.67,11.25,Car
Japan,WPR,2018,15-29,Male,2.47,6.02,Motorcycle
Japan,WPR,2018,15-29,Female,13.45,36.27,Pedestrian
Japan,WPR,2018,30-44,Male,13.3,27.93,Truck
Japan,WPR,2018,30-44,Female,30.24,48.27,Motorcycle
Japan,WPR,2018,45-59,Male,36.31,116.36,Truck
Japan,WPR,2018,45-59,Female,27.38,73.55,Truck
Japan,WPR,2018,60+,Male,35.91,67.18,Truck
Japan,WPR,2018,60+,Female,5.0,9.9,Truck
Japan,WPR,2019,0-14,Male,32.19,50.52,Car
Japan,WPR,2019,0-14,Female,24.15,84.3,Car
Japan,WPR,2019,15-29,Male,34.52,87.78,Bus
Japan,WPR,2019,15-29,Female,4.42,13.98,Motorcycle
Japan,WPR,2019,30-44,Male,24.76,42.83,Pedestrian
Japan,WPR,2019,30-44,Female,5.57,18.49,Motorcycle
Japan,WPR,2019,45-59,Male,27.43,86.64,Car
Japan,WPR,2019,45-59,Female,35.4,93.58,Truck
Japan,WPR,2019,60+,Male,21.66,51.14,Pedestrian
Japan,WPR,2019,60+,Female,14.04,33.26,Truck
Japan,WPR,2020,0-14,Male,31.41,84.93,Pedestrian
Japan,WPR,2020,0-14,Female,35.92,85.73,Bus
Japan,WPR,2020,15-29,Male,25.07,69.26,Car
Japan,WPR,2020,15-29,Female,24.48,71.12,Car
Japan,WPR,2020,30-44,Male,11.02,27.82,Bus
Japan,WPR,2020,30-44,Female,5.96,13.52,Truck
Japan,WPR,2020,45-59,Male,20.53,57.58,Truck
Japan,WPR,2020,45-59,Female,38.12,102.97,Bus
Japan,WPR,2020,60+,Male,30.26,76.03,Bus
Japan,WPR,2020,60+,Female,26.1,42.85,Car
Japan,WPR,2021,0-14,Male,11.67,25.95,Motorcycle
Japan,WPR,2021,0-14,Female,19.95,31.75,Car
Japan,WPR,2021,15-29,Male,7.32,15.03,Bus
Japan,WPR,2021,15-29,Female,38.92,84.17,Truck
Japan,WPR,2021,30-44,Male,20.32,38.45,Motorcycle
Japan,WPR,2021,30-44,Female,25.21,51.97,Motorcycle
Japan,WPR,2021,45-59,Male,9.87,25.0,Motorcycle
Japan,WPR,2021,45-59,Female,2.21,3.35,Car
Japan,WPR,2021,60+,Male,10.32,16.24,Pedestrian
Japan,WPR,2021,60+,Female,6.1,13.28,Pedestrian
Japan,WPR,2022,0-14,Male,32.5,85.93,Car
Japan,WPR,2022,0-14,Female,21.48,44.83,Car
Japan,WPR,2022,15-29,Male,37.41,85.82,Bus
Japan,WPR,2022,15-29,Female,5.31,14.52,Pedestrian
Japan,WPR,2022,30-44,Male,6.33,13.87,Motorcycle
Japan,WPR,2022,30-44,Female,21.28,69.13,Motorcycle
Japan,WPR,2022,45-59,Male,20.75,60.27,Motorcycle
Japan,WPR,2022,45-59,Female,39.73,70.04,Motorcycle
Japan,WPR,2022,60+,Male,12.44,28.48,Motorcycle
Japan,WPR,2022,60+,Female,18.03,41.87,Truck
Japan,WPR,2023,0-14,Male,36.49,106.85,Pedestrian
Japan,WPR,2023,0-14,Female,25.1,53.18,Motorcycle
Japan,WPR,2023,15-29,Male,33.3,113.56,Pedestrian
Japan,WPR,2023,15-29,Female,33.21,49.92,Car
Japan,WPR,2023,30-44,Male,26.18,41.95,Bus
Japan,WPR,2023,30-44,Female,11.79,19.09,Truck
Japan,WPR,2023,45-59,Male,24.94,71.66,Bus
Japan,WPR,2023,45-59,Female,6.35,14.4,Bus
Japan,WPR,2023,60+,Male,19.34,43.28,Pedestrian
Japan,WPR,2023,60+,Female,6.6,15.43,Pedestrian
Australia,WPR,2015,0-14,Male,30.54,50.15,Car
Australia,WPR,2015,0-14,Female,5.05,11.16,Pedestrian
Australia,WPR,2015,15-29,Male,37.79,107.22,Pedestrian
Australia,WPR,2015,15-29,Female,27.79,61.8,Pedestrian
Australia,WPR,2015,30-44,Male,24.56,37.34,Car
Australia,WPR,2015,30-44,Female,26.17,87.06,Bus
Australia,WPR,2015,45-59,Male,25.28,82.09,Truck
Australia,WPR,2015,45-59,Female,29.51,51.38,Bus
Australia,WPR,2015,60+,Male,36.29,59.26,Car
Australia,WPR,2015,60+,Female,22.29,39.77,Pedestrian
Australia,WPR,2016,0-14,Male,2.44,5.72,Car
Australia,WPR,2016,0-14,Female,13.21,32.66,Motorcycle
Australia,WPR,2016,15-29,Male,23.93,37.99,Motorcycle
Australia,WPR,2016,15-29,Female,6.67,17.46,Car
Australia,WPR,2016,30-44,Male,15.04,44.49,Car
Australia,WPR,2016,30-44,Female,26.79,85.49,Motorcycle
Australia,WPR,2016,45-59,Male,28.31,66.81,Truck
Australia,WPR,2016,45-59,Female,27.57,56.54,Bus
Australia,WPR,2016,60+,Male,13.64,41.98,Truck
Australia,WPR,2016,60+,Female,18.96,58.71,Car
Australia,WPR,2017,0-14,Male,33.25,106.9,Truck
Australia,WPR,2017,0-14,Female,36.83,86.99,Pedestrian
Australia,WPR,2017,15-29,Male,14.12,37.62,Bus
Australia,WPR,2017,15-29,Female,16.1,43.5,Pedestrian
Australia,WPR,2017,30-44,Male,28.81,82.88,Car
Australia,WPR,2017,30-44,Female,16.23,29.76,Pedestrian
Australia,WPR,2017,45-59,Male,18.36,32.78,Bus
Australia,WPR,2017,45-59,Female,35.82,78.51,Car
Australia,WPR,2017,60+,Male,7.87,12.21,Car
Australia,WPR,2017,60+,Female,26.54,73.62,Bus
Australia,WPR,2018,0-14,Male,14.94,24.55,Motorcycle
Australia,WPR,2018,0-14,Female,17.57,37.29,Bus
Australia,WPR,2018,15-29,Male,27.73,75.19,Bus
Australia,WPR,2018,15-29,Female,15.85,30.68,Car
Australia,WPR,2018,30-44,Male,39.55,95.24,Pedestrian
Australia,WPR,2018,30-44,Female,28.15,50.14,Pedestrian
Australia,WPR,2018,45-59,Male,20.45,31.8,Bus
Australia,WPR,2018,45-59,Female,21.21,72.71,Bus
Australia,WPR,2018,60+,Male,16.6,26.19,Bus
Australia,WPR,2018,60+,Female,3.18,7.24,Bus
Australia,WPR,2019,0-14,Male,8.08,12.5,Bus
Australia,WPR,2019,0-14,Female,30.74,74.3,Bus
Australia,WPR,2019,15-29,Male,12.99,42.87,Pedestrian
Australia,WPR,2019,15-29,Female,6.41,21.87,Bus
Australia,WPR,2019,30-44,Male,13.93,45.65,Car
Australia,WPR,2019,30-44,Female,24.91,78.55,Pedestrian
Australia,WPR,2019,45-59,Male,39.39,81.81,Pedestrian
Australia,WPR,2019,45-59,Female,38.52,87.79,Pedestrian
Australia,WPR,2019,60+,Male,16.65,36.31,Car
Australia,WPR,2019,60+,Female,22.57,40.81,Bus
Australia,WPR,2020,0-14,Male,23.04,59.52,Car
Australia,WPR,2020,0-14,Female,30.95,98.03,Truck
Australia,WPR,2020,15-29,Male,18.74,39.44,Bus
Australia,WPR,2020,15-29,Female,11.85,22.39,Truck
Australia,WPR,2020,30-44,Male,4.19,9.15,Car
Australia,WPR,2020,30-44,Female,12.27,42.12,Pedestrian
Australia,WPR,2020,45-59,Male,23.19,50.89,Bus
Australia,WPR,2020,45-59,Female,24.06,42.79,Bus
Australia,WPR,2020,60+,Male,18.87,51.94,Bus
Australia,WPR,2020,60+,Female,20.58,47.41,Bus
Australia,WPR,2021,0-14,Male,39.77,129.68,Bus
Australia,WPR,2021,0-14,Female,25.69,67.79,Truck
Australia,WPR,2021,15-29,Male,25.59,48.69,Motorcycle
Australia,WPR,2021,15-29,Female,17.02,26.87,Bus
Australia,WPR,2021,30-44,Male,20.07,51.9,Pedestrian
Australia,WPR,2021,30-44,Female,10.65,36.51,Car
Australia,WPR,2021,45-59,Male,36.56,107.64,Bus
Australia,WPR,2021,45-59,Female,22.27,72.15,Truck
Australia,WPR,2021,60+,Male,6.96,21.44,Car
Australia,WPR,2021,60+,Female,6.74,20.82,Pedestrian
Australia,WPR,2022,0-14,Male,12.48,40.61,Bus
Australia,WPR,2022,0-14,Female,37.87,68.07,Truck
Australia,WPR,2022,15-29,Male,19.58,67.79,Truck
Australia,WPR,2022,15-29,Female,20.37,65.74,Car
Australia,WPR,2022,30-44,Male,24.37,54.85,Truck
Australia,WPR,2022,30-44,Female,12.86,24.52,Motorcycle
Australia,WPR,2022,45-59,Male,30.95,70.35,Truck
Australia,WPR,2022,45-59,Female,21.43,53.25,Car
Australia,WPR,2022,60+,Male,23.94,77.35,Truck
Australia,WPR,2022,60+,Female,39.27,90.92,Car
Australia,WPR,2023,0-14,Male,33.45,101.32,Motorcycle
Australia,WPR,2023,0-14,Female,23.79,81.17,Pedestrian
Australia,WPR,2023,15-29,Male,9.62,16.53,Truck
Australia,WPR,2023,15-29,Female,34.45,81.93,Truck
Australia,WPR,2023,30-44,Male,34.18,112.32,Pedestrian
Australia,WPR,2023,30-44,Female,4.37,14.28,Pedestrian
Australia,WPR,2023,45-59,Male,19.04,48.0,Pedestrian
Australia,WPR,2023,45-59,Female,25.81,86.53,Car
Australia,WPR,2023,60+,Male,2.73,6.7,Truck
Australia,WPR,2023,60+,Female,28.13,82.85,Bus
Philippines,WPR,2015,0-14,Male,28.32,50.09,Pedestrian
Philippines,WPR,2015,0-14,Female,13.38,29.67,Bus
Philippines,WPR,2015,15-29,Male,32.57,67.01,Car
Philippines,WPR,2015,15-29,Female,10.01,34.18,Pedestrian
Philippines,WPR,2015,30-44,Male,2.34,8.18,Bus
Philippines,WPR,2015,30-44,Female,27.72,87.51,Car
Philippines,WPR,2015,45-59,Male,13.2,20.18,Truck
Philippines,WPR,2015,45-59,Female,30.04,95.18,Car
Philippines,WPR,2015,60+,Male,30.14,53.82,Car
Philippines,WPR,2015,60+,Female,30.63,93.05,Bus
Philippines,WPR,2016,0-14,Male,27.02,81.93,Car
Philippines,WPR,2016,0-14,Female,34.15,93.13,Car
Philippines,WPR,2016,15-29,Male,5.37,13.29,Motorcycle
Philippines,WPR,2016,15-29,Female,4.95,11.46,Truck
Philippines,WPR,2016,30-44,Male,17.47,28.51,Motorcycle
Philippines,WPR,2016,30-44,Female,15.26,26.28,Motorcycle
Philippines,WPR,2016,45-59,Male,32.71,111.06,Pedestrian
Philippines,WPR,2016,45-59,Female,4.75,16.2,Bus
Philippines,WPR,2016,60+,Male,21.86,45.89,Car
Philippines,WPR,2016,60+,Female,4.92,12.31,Bus
Philippines,WPR,2017,0-14,Male,32.19,93.81,Pedestrian
Philippines,WPR,2017,0-14,Female,3.91,6.44,Pedestrian
Philippines,WPR,2017,15-29,Male,17.31,36.19,Truck
Philippines,WPR,2017,15-29,Female,10.83,22.33,Car
Philippines,WPR,2017,30-44,Male,32.53,109.25,Motorcycle
Philippines,WPR,2017,30-44,Female,17.39,57.6,Truck
Philippines,WPR,2017,45-59,Male,14.22,34.88,Truck
Philippines,WPR,2017,45-59,Female,10.59,29.45,Car
Philippines,WPR,2017,60+,Male,39.2,106.11,Motorcycle
Philippines,WPR,2017,60+,Female,15.6,43.61,Motorcycle
Philippines,WPR,2018,0-14,Male,6.67,21.86,Truck
Philippines,WPR,2018,0-14,Female,21.12,50.66,Car
Philippines,WPR,2018,15-29,Male,24.26,66.7,Bus
Philippines,WPR,2018,15-29,Female,4.73,13.55,Truck
Philippines,WPR,2018,30-44,Male,11.19,32.76,Car
Philippines,WPR,2018,30-44,Female,33.26,103.37,Truck
Philippines,WPR,2018,45-59,Male,23.0,58.43,Pedestrian
Philippines,WPR,2018,45-59,Female,7.43,22.67,Pedestrian
Philippines,WPR,2018,60+,Male,12.31,30.69,Car
Philippines,WPR,2018,60+,Female,12.8,22.63,Pedestrian
Philippines,WPR,2019,0-14,Male,25.92,41.7,Pedestrian
Philippines,WPR,2019,0-14,Female,30.45,65.02,Pedestrian
Philippines,WPR,2019,15-29,Male,2.01,5.07,Motorcycle
Philippines,WPR,2019,15-29,Female,3.78,7.76,Motorcycle
Philippines,WPR,2019,30-44,Male,28.87,46.92,Pedestrian
Philippines,WPR,2019,30-44,Female,33.89,51.09,Car
Philippines,WPR,2019,45-59,Male,11.38,33.93,Motorcycle
Philippines,WPR,2019,45-59,Female,14.02,23.89,Pedestrian
Philippines,WPR,2019,60+,Male,15.69,32.02,Pedestrian
Philippines,WPR,2019,60+,Female,34.02,72.35,Car
Philippines,WPR,2020,0-14,Male,31.98,105.01,Car
Philippines,WPR,2020,0-14,Female,18.49,61.38,Motorcycle
Philippines,WPR,2020,15-29,Male,16.34,56.02,Bus
Philippines,WPR,2020,15-29,Female,5.39,15.49,Car
Philippines,WPR,2020,30-44,Male,20.76,47.24,Car
Philippines,WPR,2020,30-44,Female,26.04,75.72,Truck
Philippines,WPR,2020,45-59,Male,2.17,3.98,Motorcycle
Philippines,WPR,2020,45-59,Female,29.1,82.43,Bus
Philippines,WPR,2020,60+,Male,38.71,116.98,Car
Philippines,WPR,2020,60+,Female,38.13,110.77,Motorcycle
Philippines,WPR,2021,0-14,Male,13.33,22.8,Truck
Philippines,WPR,2021,0-14,Female,31.71,88.42,Car
Philippines,WPR,2021,15-29,Male,3.83,8.5,Car
Philippines,WPR,2021,15-29,Female,38.36,95.93,Truck
Philippines,WPR,2021,30-44,Male,18.44,44.54,Car
Philippines,WPR,2021,30-44,Female,9.94,22.24,Motorcycle
Philippines,WPR,2021,45-59,Male,16.05,25.76,Motorcycle
Philippines,WPR,2021,45-59,Female,31.17,72.72,Pedestrian
Philippines,WPR,2021,60+,Male,33.24,106.39,Bus
Philippines,WPR,2021,60+,Female,10.06,28.32,Pedestrian
Philippines,WPR,2022,0-14,Male,19.95,65.04,Motorcycle
Philippines,WPR,2022,0-14,Female,10.2,29.13,Truck
Philippines,WPR,2022,15-29,Male,25.09,52.45,Truck
Philippines,WPR,2022,15-29,Female,7.19,20.16,Bus
Philippines,WPR,2022,30-44,Male,30.07,64.09,Pedestrian
Philippines,WPR,2022,30-44,Female,26.5,60.69,Bus
Philippines,WPR,2022,45-59,Male,29.1,55.24,Bus
Philippines,WPR,2022,45-59,Female,35.83,74.34,Bus
Philippines,WPR,2022,60+,Male,15.98,25.83,Car
Philippines,WPR,2022,60+,Female,6.24,15.8,Pedestrian
Philippines,WPR,2023,0-14,Male,12.17,38.59,Motorcycle
Philippines,WPR,2023,0-14,Female,2.56,5.78,Pedestrian
Philippines,WPR,2023,15-29,Male,14.82,22.8,Motorcycle
Philippines,WPR,2023,15-29,Female,6.73,15.66,Motorcycle
Philippines,WPR,2023,30-44,Male,20.73,47.86,Car
Philippines,WPR,2023,30-44,Female,22.18,59.67,Car
Philippines,WPR,2023,45-59,Male,2.38,5.78,Pedestrian
Philippines,WPR,2023,45-59,Female,38.61,97.99,Pedestrian
Philippines,WPR,2023,60+,Male,27.75,58.93,Truck
Philippines,WPR,2023,60+,Female,31.41,95.67,Motorcycle
India,SEAR,2015,0-14,Male,21.81,75.29,Bus
India,SEAR,2015,0-14,Female,6.77,10.38,Bus
India,SEAR,2015,15-29,Male,31.27,97.38,Car
India,SEAR,2015,15-29,Female,6.57,13.34,Motorcycle
India,SEAR,2015,30-44,Male,2.67,5.57,Bus
India,SEAR,2015,30-44,Female,31.38,79.58,Pedestrian
India,SEAR,2015,45-59,Male,15.23,34.17,Car
India,SEAR,2015,45-59,Female,2.05,4.3,Pedestrian
India,SEAR,2015,60+,Male,26.57,91.62,Motorcycle
India,SEAR,2015,60+,Female,34.19,52.9,Bus
India,SEAR,2016,0-14,Male,36.15,110.85,Motorcycle
India,SEAR,2016,0-14,Female,31.65,76.47,Bus
India,SEAR,2016,15-29,Male,17.12,36.05,Car
India,SEAR,2016,15-29,Female,4.5,8.8,Bus
India,SEAR,2016,30-44,Male,11.37,28.06,Pedestrian
India,SEAR,2016,30-44,Female,30.4,74.41,Truck
India,SEAR,2016,45-59,Male,4.2,14.35,Truck
India,SEAR,2016,45-59,Female,37.82,116.12,Motorcycle
India,SEAR,2016,60+,Male,39.67,102.7,Truck
India,SEAR,2016,60+,Female,38.59,63.72,Bus
India,SEAR,2017,0-14,Male,15.9,31.02,Pedestrian
India,SEAR,2017,0-14,Female,9.44,16.82,Car
India,SEAR,2017,15-29,Male,25.65,78.56,Truck
India,SEAR,2017,15-29,Female,23.98,43.02,Car
India,SEAR,2017,30-44,Male,32.82,90.97,Pedestrian
India,SEAR,2017,30-44,Female,16.75,47.71,Bus
India,SEAR,2017,45-59,Male,11.88,26.02,Motorcycle
India,SEAR,2017,45-59,Female,36.86,76.71,Bus
India,SEAR,2017,60+,Male,19.86,65.15,Car
India,SEAR,2017,60+,Female,28.89,46.93,Truck
India,SEAR,2018,0-14,Male,7.6,11.52,Pedestrian
India,SEAR,2018,0-14,Female,25.98,62.23,Motorcycle
India,SEAR,2018,15-29,Male,7.1,24.25,Motorcycle
India,SEAR,2018,15-29,Female,22.13,43.9,Pedestrian
India,SEAR,2018,30-44,Male,21.02,60.1,Pedestrian
India,SEAR,2018,30-44,Female,4.9,10.04,Car
India,SEAR,2018,45-59,Male,32.66,79.02,Car
India,SEAR,2018,45-59,Female,22.77,53.87,Bus
India,SEAR,2018,60+,Male,3.67,6.72,Motorcycle
India,SEAR,2018,60+,Female,18.93,36.31,Motorcycle
India,SEAR,2019,0-14,Male,3.9,12.43,Motorcycle
India,SEAR,2019,0-14,Female,39.29,121.26,Bus
India,SEAR,2019,15-29,Male,34.44,68.33,Bus
India,SEAR,2019,15-29,Female,38.5,72.91,Motorcycle
India,SEAR,2019,30-44,Male,38.15,133.13,Motorcycle
India,SEAR,2019,30-44,Female,29.05,100.58,Motorcycle
India,SEAR,2019,45-59,Male,23.64,47.73,Pedestrian
India,SEAR,2019,45-59,Female,18.61,50.01,Bus
India,SEAR,2019,60+,Male,4.78,13.12,Motorcycle
India,SEAR,2019,60+,Female,39.28,73.85,Pedestrian
India,SEAR,2020,0-14,Male,32.12,106.5,Car
India,SEAR,2020,0-14,Female,37.86,129.49,Pedestrian
India,SEAR,2020,15-29,Male,21.82,75.38,Motorcycle
India,SEAR,2020,15-29,Female,30.78,56.12,Car
India,SEAR,2020,30-44,Male,20.12,59.09,Pedestrian
India,SEAR,2020,30-44,Female,11.4,31.71,Bus
India,SEAR,2020,45-59,Male,27.33,49.89,Pedestrian
India,SEAR,2020,45-59,Female,23.47,71.43,Car
India,SEAR,2020,60+,Male,20.96,31.95,Bus
India,SEAR,2020,60+,Female,2.34,5.18,Bus
India,SEAR,2021,0-14,Male,37.2,72.81,Truck
India,SEAR,2021,0-14,Female,26.11,50.76,Motorcycle
India,SEAR,2021,15-29,Male,14.22,45.45,Car
India,SEAR,2021,15-29,Female,29.7,50.22,Motorcycle
India,SEAR,2021,30-44,Male,18.29,28.5,Car
India,SEAR,2021,30-44,Female,20.27,57.26,Truck
India,SEAR,2021,45-59,Male,6.5,13.51,Bus
India,SEAR,2021,45-59,Female,17.12,57.16,Bus
India,SEAR,2021,60+,Male,39.74,63.18,Truck
India,SEAR,2021,60+,Female,30.92,69.37,Motorcycle
India,SEAR,2022,0-14,Male,16.91,50.87,Bus
India,SEAR,2022,0-14,Female,36.9,125.53,Motorcycle
India,SEAR,2022,15-29,Male,23.93,52.99,Motorcycle
India,SEAR,2022,15-29,Female,31.93,63.92,Motorcycle
India,SEAR,2022,30-44,Male,23.43,51.95,Motorcycle
India,SEAR,2022,30-44,Female,26.95,53.38,Bus
India,SEAR,2022,45-59,Male,9.28,30.96,Motorcycle
India,SEAR,2022,45-59,Female,5.87,14.74,Pedestrian
India,SEAR,2022,60+,Male,10.39,16.39,Bus
India,SEAR,2022,60+,Female,3.37,6.24,Motorcycle
India,SEAR,2023,0-14,Male,34.94,72.15,Truck
India,SEAR,2023,0-14,Female,38.12,101.52,Truck
India,SEAR,2023,15-29,Male,18.59,49.45,Bus
India,SEAR,2023,15-29,Female,21.63,65.27,Pedestrian
India,SEAR,2023,30-44,Male,12.73,28.08,Motorcycle
India,SEAR,2023,30-44,Female,35.98,122.08,Car
India,SEAR,2023,45-59,Male,35.92,84.01,Car
India,SEAR,2023,45-59,Female,31.65,77.63,Pedestrian
India,SEAR,2023,60+,Male,20.91,39.92,Pedestrian
India,SEAR,2023,60+,Female,24.46,45.8,Truck
Bangladesh,SEAR,2015,0-14,Male,14.6,46.87,Motorcycle
Bangladesh,SEAR,2015,0-14,Female,9.87,16.21,Car
Bangladesh,SEAR,2015,15-29,Male,4.62,15.62,Truck
Bangladesh,SEAR,2015,15-29,Female,21.26,49.3,Car
Bangladesh,SEAR,2015,30-44,Male,32.81,104.06,Truck
Bangladesh,SEAR,2015,30-44,Female,14.62,42.21,Motorcycle
Bangladesh,SEAR,2015,45-59,Male,31.3,87.93,Truck
Bangladesh,SEAR,2015,45-59,Female,7.76,25.23,Truck
Bangladesh,SEAR,2015,60+,Male,22.49,46.44,Bus
Bangladesh,SEAR,2015,60+,Female,18.16,28.6,Pedestrian
Bangladesh,SEAR,2016,0-14,Male,6.86,20.79,Motorcycle
Bangladesh,SEAR,2016,0-14,Female,2.0,4.67,Motorcycle
Bangladesh,SEAR,2016,15-29,Male,21.86,35.18,Car
Bangladesh,SEAR,2016,15-29,Female,38.98,76.1,Truck
Bangladesh,SEAR,2016,30-44,Male,13.56,28.58,Pedestrian
Bangladesh,SEAR,2016,30-44,Female,10.76,16.17,Truck
Bangladesh,SEAR,2016,45-59,Male,29.72,102.05,Bus
Bangladesh,SEAR,2016,45-59,Female,10.52,29.73,Car
Bangladesh,SEAR,2016,60+,Male,30.19,96.51,Motorcycle
Bangladesh,SEAR,2016,60+,Female,18.06,38.03,Motorcycle
Bangladesh,SEAR,2017,0-14,Male,14.36,42.01,Motorcycle
Bangladesh,SEAR,2017,0-14,Female,33.04,61.56,Truck
Bangladesh,SEAR,2017,15-29,Male,16.1,53.19,Bus
Bangladesh,SEAR,2017,15-29,Female,32.65,113.29,Bus
Bangladesh,SEAR,2017,30-44,Male,30.66,70.1,Car
Bangladesh,SEAR,2017,30-44,Female,24.44,68.97,Pedestrian
Bangladesh,SEAR,2017,45-59,Male,4.98,12.89,Bus
Bangladesh,SEAR,2017,45-59,Female,28.95,53.11,Truck
Bangladesh,SEAR,2017,60+,Male,31.66,84.45,Bus
Bangladesh,SEAR,2017,60+,Female,38.18,60.51,Car
Bangladesh,SEAR,2018,0-14,Male,12.08,32.65,Truck
Bangladesh,SEAR,2018,0-14,Female,13.27,38.87,Car
Bangladesh,SEAR,2018,15-29,Male,30.84,52.58,Car
Bangladesh,SEAR,2018,15-29,Female,21.53,54.21,Car
Bangladesh,SEAR,2018,30-44,Male,16.03,53.95,Car
Bangladesh,SEAR,2018,30-44,Female,33.45,96.82,Car
Bangladesh,SEAR,2018,45-59,Male,29.14,70.62,Truck
Bangladesh,SEAR,2018,45-59,Female,37.0,106.9,Car
Bangladesh,SEAR,2018,60+,Male,29.7,95.73,Bus
Bangladesh,SEAR,2018,60+,Female,12.41,38.65,Car
Bangladesh,SEAR,2019,0-14,Male,9.42,20.64,Car
Bangladesh,SEAR,2019,0-14,Female,14.75,50.99,Pedestrian
Bangladesh,SEAR,2019,15-29,Male,34.55,100.28,Pedestrian
Bangladesh,SEAR,2019,15-29,Female,29.63,77.75,Car
Bangladesh,SEAR,2019,30-44,Male,37.99,94.69,Truck
Bangladesh,SEAR,2019,30-44,Female,16.46,30.06,Bus
Bangladesh,SEAR,2019,45-59,Male,31.88,94.65,Bus
Bangladesh,SEAR,2019,45-59,Female,16.61,25.75,Bus
Bangladesh,SEAR,2019,60+,Male,33.88,51.59,Motorcycle
Bangladesh,SEAR,2019,60+,Female,28.74,98.88,Motorcycle
Bangladesh,SEAR,2020,0-14,Male,18.63,36.7,Bus
Bangladesh,SEAR,2020,0-14,Female,28.79,90.24,Bus
Bangladesh,SEAR,2020,15-29,Male,22.76,78.16,Pedestrian
Bangladesh,SEAR,2020,15-29,Female,3.96,9.94,Bus
Bangladesh,SEAR,2020,30-44,Male,29.3,94.5,Pedestrian
Bangladesh,SEAR,2020,30-44,Female,8.81,27.31,Truck
Bangladesh,SEAR,2020,45-59,Male,23.0,52.74,Truck
Bangladesh,SEAR,2020,45-59,Female,7.01,22.65,Bus
Bangladesh,SEAR,2020,60+,Male,7.98,16.91,Car
Bangladesh,SEAR,2020,60+,Female,13.02,42.22,Bus
Bangladesh,SEAR,2021,0-14,Male,27.56,85.25,Pedestrian
Bangladesh,SEAR,2021,0-14,Female,11.52,31.68,Truck
Bangladesh,SEAR,2021,15-29,Male,23.73,75.12,Motorcycle
Bangladesh,SEAR,2021,15-29,Female,36.43,55.53,Pedestrian
Bangladesh,SEAR,2021,30-44,Male,27.61,44.28,Motorcycle
Bangladesh,SEAR,2021,30-44,Female,22.86,47.44,Pedestrian
Bangladesh,SEAR,2021,45-59,Male,13.66,30.13,Truck
Bangladesh,SEAR,2021,45-59,Female,25.61,55.53,Motorcycle
Bangladesh,SEAR,2021,60+,Male,29.84,68.9,Bus
Bangladesh,SEAR,2021,60+,Female,4.6,14.11,Bus
Bangladesh,SEAR,2022,0-14,Male,12.86,30.42,Car
Bangladesh,SEAR,2022,0-14,Female,28.05,60.73,Motorcycle
Bangladesh,SEAR,2022,15-29,Male,4.15,9.33,Car
Bangladesh,SEAR,2022,15-29,Female,37.89,105.47,Bus
Bangladesh,SEAR,2022,30-44,Male,27.52,76.08,Motorcycle
Bangladesh,SEAR,2022,30-44,Female,9.56,22.34,Truck
Bangladesh,SEAR,2022,45-59,Male,30.54,52.0,Motorcycle
Bangladesh,SEAR,2022,45-59,Female,12.56,25.78,Bus
Bangladesh,SEAR,2022,60+,Male,18.42,63.75,Truck
Bangladesh,SEAR,2022,60+,Female,4.57,11.6,Truck
Bangladesh,SEAR,2023,0-14,Male,8.82,30.35,Bus
Bangladesh,SEAR,2023,0-14,Female,6.31,14.56,Bus
Bangladesh,SEAR,2023,15-29,Male,30.04,87.39,Truck
Bangladesh,SEAR,2023,15-29,Female,18.06,39.61,Truck
Bangladesh,SEAR,2023,30-44,Male,17.11,34.71,Truck
Bangladesh,SEAR,2023,30-44,Female,9.8,24.17,Car
Bangladesh,SEAR,2023,45-59,Male,12.2,25.31,Motorcycle
Bangladesh,SEAR,2023,45-59,Female,26.96,92.66,Bus
Bangladesh,SEAR,2023,60+,Male,24.94,41.25,Motorcycle
Bangladesh,SEAR,2023,60+,Female,4.87,16.57,Bus
Sri Lanka,SEAR,2015,0-14,Male,13.3,22.4,Motorcycle
Sri Lanka,SEAR,2015,0-14,Female,24.76,68.02,Truck
Sri Lanka,SEAR,2015,15-29,Male,26.64,54.21,Car
Sri Lanka,SEAR,2015,15-29,Female,2.57,8.82,Car
Sri Lanka,SEAR,2015,30-44,Male,11.53,32.88,Pedestrian
Sri Lanka,SEAR,2015,30-44,Female,28.85,78.47,Pedestrian
Sri Lanka,SEAR,2015,45-59,Male,13.89,28.37,Bus
Sri Lanka,SEAR,2015,45-59,Female,24.71,79.87,Truck
Sri Lanka,SEAR,2015,60+,Male,37.98,65.01,Truck
Sri Lanka,SEAR,2015,60+,Female,7.88,26.71,Truck
Sri Lanka,SEAR,2016,0-14,Male,29.99,97.95,Pedestrian
Sri Lanka,SEAR,2016,0-14,Female,9.7,25.95,Car
Sri Lanka,SEAR,2016,15-29,Male,28.64,81.92,Truck
Sri Lanka,SEAR,2016,15-29,Female,17.51,26.8,Pedestrian
Sri Lanka,SEAR,2016,30-44,Male,24.15,48.45,Car
Sri Lanka,SEAR,2016,30-44,Female,19.11,65.26,Motorcycle
Sri Lanka,SEAR,2016,45-59,Male,17.16,54.56,Bus
Sri Lanka,SEAR,2016,45-59,Female,9.16,26.06,Motorcycle
Sri Lanka,SEAR,2016,60+,Male,39.13,66.67,Car
Sri Lanka,SEAR,2016,60+,Female,2.32,5.49,Car
Sri Lanka,SEAR,2017,0-14,Male,5.52,16.54,Car
Sri Lanka,SEAR,2017,0-14,Female,36.75,87.03,Pedestrian
Sri Lanka,SEAR,2017,15-29,Male,11.83,28.02,Pedestrian
Sri Lanka,SEAR,2017,15-29,Female,29.49,44.77,Motorcycle
Sri Lanka,SEAR,2017,30-44,Male,24.4,66.53,Bus
Sri Lanka,SEAR,2017,30-44,Female,26.23,52.04,Car
Sri Lanka,SEAR,2017,45-59,Male,29.13,49.02,Bus
Sri Lanka,SEAR,2017,45-59,Female,9.57,31.15,Car
Sri Lanka,SEAR,2017,60+,Male,30.07,45.93,Car
Sri Lanka,SEAR,2017,60+,Female,11.44,22.07,Truck
Sri Lanka,SEAR,2018,0-14,Male,12.29,24.52,Motorcycle
Sri Lanka,SEAR,2018,0-14,Female,4.38,10.59,Truck
Sri Lanka,SEAR,2018,15-29,Male,29.84,80.97,Motorcycle
Sri Lanka,SEAR,2018,15-29,Female,27.57,45.83,Bus
Sri Lanka,SEAR,2018,30-44,Male,38.16,121.23,Pedestrian
Sri Lanka,SEAR,2018,30-44,Female,32.59,102.53,Truck
Sri Lanka,SEAR,2018,45-59,Male,37.44,96.91,Truck
Sri Lanka,SEAR,2018,45-59,Female,9.61,26.27,Truck
Sri Lanka,SEAR,2018,60+,Male,30.23,89.96,Truck
Sri Lanka,SEAR,2018,60+,Female,21.82,35.72,Motorcycle
Sri Lanka,SEAR,2019,0-14,Male,16.1,53.8,Motorcycle
Sri Lanka,SEAR,2019,0-14,Female,24.21,62.38,Truck
Sri Lanka,SEAR,2019,15-29,Male,12.22,27.33,Car
Sri Lanka,SEAR,2019,15-29,Female,36.02,102.04,Truck
Sri Lanka,SEAR,2019,30-44,Male,31.92,76.89,Pedestrian
Sri Lanka,SEAR,2019,30-44,Female,25.95,51.82,Truck
Sri Lanka,SEAR,2019,45-59,Male,28.81,67.85,Bus
Sri Lanka,SEAR,2019,45-59,Female,18.82,52.67,Truck
Sri Lanka,SEAR,2019,60+,Male,37.58,61.18,Pedestrian
Sri Lanka,SEAR,2019,60+,Female,33.34,69.51,Car
Sri Lanka,SEAR,2020,0-14,Male,18.87,29.13,Truck
Sri Lanka,SEAR,2020,0-14,Female,13.44,33.67,Pedestrian
Sri Lanka,SEAR,2020,15-29,Male,4.13,10.25,Car
Sri Lanka,SEAR,2020,15-29,Female,37.23,63.69,Truck
Sri Lanka,SEAR,2020,30-44,Male,31.05,72.02,Motorcycle
Sri Lanka,SEAR,2020,30-44,Female,26.9,54.35,Motorcycle
Sri Lanka,SEAR,2020,45-59,Male,8.06,14.68,Bus
Sri Lanka,SEAR,2020,45-59,Female,4.68,8.76,Motorcycle
Sri Lanka,SEAR,2020,60+,Male,27.24,88.89,Truck
Sri Lanka,SEAR,2020,60+,Female,32.94,94.55,Truck
Sri Lanka,SEAR,2021,0-14,Male,6.2,12.89,Car
Sri Lanka,SEAR,2021,0-14,Female,13.77,27.54,Pedestrian
Sri Lanka,SEAR,2021,15-29,Male,21.57,55.46,Bus
Sri Lanka,SEAR,2021,15-29,Female,15.56,34.35,Truck
Sri Lanka,SEAR,2021,30-44,Male,33.49,103.1,Motorcycle
Sri Lanka,SEAR,2021,30-44,Female,13.7,45.59,Car
Sri Lanka,SEAR,2021,45-59,Male,38.21,82.28,Motorcycle
Sri Lanka,SEAR,2021,45-59,Female,15.47,38.85,Bus
Sri Lanka,SEAR,2021,60+,Male,37.76,122.82,Car
Sri Lanka,SEAR,2021,60+,Female,5.9,13.48,Bus
Sri Lanka,SEAR,2022,0-14,Male,23.03,57.72,Motorcycle
Sri Lanka,SEAR,2022,0-14,Female,9.37,30.15,Bus
Sri Lanka,SEAR,2022,15-29,Male,27.72,88.03,Truck
Sri Lanka,SEAR,2022,15-29,Female,34.63,103.78,Truck
Sri Lanka,SEAR,2022,30-44,Male,18.69,50.86,Motorcycle
Sri Lanka,SEAR,2022,30-44,Female,8.09,23.03,Bus
Sri Lanka,SEAR,2022,45-59,Male,8.81,25.44,Truck
Sri Lanka,SEAR,2022,45-59,Female,10.72,18.6,Bus
Sri Lanka,SEAR,2022,60+,Male,8.28,12.45,Bus
Sri Lanka,SEAR,2022,60+,Female,29.31,86.9,Motorcycle
Sri Lanka,SEAR,2023,0-14,Male,21.57,39.32,Car
Sri Lanka,SEAR,2023,0-14,Female,5.18,7.97,Car
Sri Lanka,SEAR,2023,15-29,Male,8.3,27.24,Bus
Sri Lanka,SEAR,2023,15-29,Female,11.18,24.69,Bus
Sri Lanka,SEAR,2023,30-44,Male,6.0,11.67,Car
Sri Lanka,SEAR,2023,30-44,Female,21.73,59.01,Bus
Sri Lanka,SEAR,2023,45-59,Male,11.32,18.29,Car
Sri Lanka,SEAR,2023,45-59,Female,16.86,33.19,Pedestrian
Sri Lanka,SEAR,2023,60+,Male,10.34,35.36,Motorcycle
Sri Lanka,SEAR,2023,60+,Female,25.42,66.44,Truck
